MedicineName,Category,Date,UnitsSold
Paracetamol 500mg,Analgesic,2026-01-01,46
Paracetamol 500mg,Analgesic,2026-01-02,41
Paracetamol 500mg,Analgesic,2026-01-03,39
Paracetamol 500mg,Analgesic,2026-01-04,62
Paracetamol 500mg,Analgesic,2026-01-05,50
Paracetamol 500mg,Analgesic,2026-01-06,45
Paracetamol 500mg,Analgesic,2026-01-07,47
Paracetamol 500mg,Analgesic,2026-01-08,50
Paracetamol 500mg,Analgesic,2026-01-09,50
Paracetamol 500mg,Analgesic,2026-01-10,53
Paracetamol 500mg,Analgesic,2026-01-11,53
Paracetamol 500mg,Analgesic,2026-01-12,51
Paracetamol 500mg,Analgesic,2026-01-13,58
Paracetamol 500mg,Analgesic,2026-01-14,57
Paracetamol 500mg,Analgesic,2026-01-15,29
Paracetamol 500mg,Analgesic,2026-01-16,46
Paracetamol 500mg,Analgesic,2026-01-17,39
Paracetamol 500mg,Analgesic,2026-01-18,37
Paracetamol 500mg,Analgesic,2026-01-19,27
Paracetamol 500mg,Analgesic,2026-01-20,44
Paracetamol 500mg,Analgesic,2026-01-21,33
Paracetamol 500mg,Analgesic,2026-01-22,35
Paracetamol 500mg,Analgesic,2026-01-23,35
Paracetamol 500mg,Analgesic,2026-01-24,38
Paracetamol 500mg,Analgesic,2026-01-25,31
Paracetamol 500mg,Analgesic,2026-01-26,33
Paracetamol 500mg,Analgesic,2026-01-27,35
Paracetamol 500mg,Analgesic,2026-01-28,41
Paracetamol 500mg,Analgesic,2026-01-29,37
Paracetamol 500mg,Analgesic,2026-01-30,40
Paracetamol 500mg,Analgesic,2026-01-31,38
Paracetamol 500mg,Analgesic,2026-02-01,40
Paracetamol 500mg,Analgesic,2026-02-02,53
Paracetamol 500mg,Analgesic,2026-02-03,59
Paracetamol 500mg,Analgesic,2026-02-04,48
Paracetamol 500mg,Analgesic,2026-02-05,54
Paracetamol 500mg,Analgesic,2026-02-06,45
Paracetamol 500mg,Analgesic,2026-02-07,50
Paracetamol 500mg,Analgesic,2026-02-08,50
Paracetamol 500mg,Analgesic,2026-02-09,62
Paracetamol 500mg,Analgesic,2026-02-10,53
Paracetamol 500mg,Analgesic,2026-02-11,41
Paracetamol 500mg,Analgesic,2026-02-12,34
Paracetamol 500mg,Analgesic,2026-02-13,40
Paracetamol 500mg,Analgesic,2026-02-14,46
Paracetamol 500mg,Analgesic,2026-02-15,45
Paracetamol 500mg,Analgesic,2026-02-16,45
Paracetamol 500mg,Analgesic,2026-02-17,26
Paracetamol 500mg,Analgesic,2026-02-18,40
Paracetamol 500mg,Analgesic,2026-02-19,35
Paracetamol 500mg,Analgesic,2026-02-20,37
Paracetamol 500mg,Analgesic,2026-02-21,37
Paracetamol 500mg,Analgesic,2026-02-22,47
Paracetamol 500mg,Analgesic,2026-02-23,39
Paracetamol 500mg,Analgesic,2026-02-24,33
Paracetamol 500mg,Analgesic,2026-02-25,36
Paracetamol 500mg,Analgesic,2026-02-26,29
Paracetamol 500mg,Analgesic,2026-02-27,30
Paracetamol 500mg,Analgesic,2026-02-28,26
Paracetamol 500mg,Analgesic,2026-03-01,32
Paracetamol 500mg,Analgesic,2026-03-02,47
Paracetamol 500mg,Analgesic,2026-03-03,39
Paracetamol 500mg,Analgesic,2026-03-04,50
Paracetamol 500mg,Analgesic,2026-03-05,57
Paracetamol 500mg,Analgesic,2026-03-06,52
Paracetamol 500mg,Analgesic,2026-03-07,55
Paracetamol 500mg,Analgesic,2026-03-08,46
Paracetamol 500mg,Analgesic,2026-03-09,52
Paracetamol 500mg,Analgesic,2026-03-10,62
Paracetamol 500mg,Analgesic,2026-03-11,45
Paracetamol 500mg,Analgesic,2026-03-12,58
Paracetamol 500mg,Analgesic,2026-03-13,61
Paracetamol 500mg,Analgesic,2026-03-14,51
Paracetamol 500mg,Analgesic,2026-03-15,36
Paracetamol 500mg,Analgesic,2026-03-16,47
Paracetamol 500mg,Analgesic,2026-03-17,42
Paracetamol 500mg,Analgesic,2026-03-18,43
Paracetamol 500mg,Analgesic,2026-03-19,43
Paracetamol 500mg,Analgesic,2026-03-20,31
Paracetamol 500mg,Analgesic,2026-03-21,29
Paracetamol 500mg,Analgesic,2026-03-22,33
Paracetamol 500mg,Analgesic,2026-03-23,26
Paracetamol 500mg,Analgesic,2026-03-24,33
Paracetamol 500mg,Analgesic,2026-03-25,32
Paracetamol 500mg,Analgesic,2026-03-26,50
Paracetamol 500mg,Analgesic,2026-03-27,27
Paracetamol 500mg,Analgesic,2026-03-28,30
Paracetamol 500mg,Analgesic,2026-03-29,39
Paracetamol 500mg,Analgesic,2026-03-30,44
Paracetamol 500mg,Analgesic,2026-03-31,55
Paracetamol 500mg,Analgesic,2026-04-01,53
Paracetamol 500mg,Analgesic,2026-04-02,50
Paracetamol 500mg,Analgesic,2026-04-03,49
Paracetamol 500mg,Analgesic,2026-04-04,54
Paracetamol 500mg,Analgesic,2026-04-05,46
Paracetamol 500mg,Analgesic,2026-04-06,49
Paracetamol 500mg,Analgesic,2026-04-07,43
Paracetamol 500mg,Analgesic,2026-04-08,51
Paracetamol 500mg,Analgesic,2026-04-09,59
Paracetamol 500mg,Analgesic,2026-04-10,51
Paracetamol 500mg,Analgesic,2026-04-11,46
Paracetamol 500mg,Analgesic,2026-04-12,48
Paracetamol 500mg,Analgesic,2026-04-13,53
Paracetamol 500mg,Analgesic,2026-04-14,45
Paracetamol 500mg,Analgesic,2026-04-15,50
Paracetamol 500mg,Analgesic,2026-04-16,34
Paracetamol 500mg,Analgesic,2026-04-17,35
Paracetamol 500mg,Analgesic,2026-04-18,35
Paracetamol 500mg,Analgesic,2026-04-19,28
Paracetamol 500mg,Analgesic,2026-04-20,54
Paracetamol 500mg,Analgesic,2026-04-21,27
Paracetamol 500mg,Analgesic,2026-04-22,39
Paracetamol 500mg,Analgesic,2026-04-23,28
Paracetamol 500mg,Analgesic,2026-04-24,29
Paracetamol 500mg,Analgesic,2026-04-25,35
Paracetamol 500mg,Analgesic,2026-04-26,24
Paracetamol 500mg,Analgesic,2026-04-27,31
Paracetamol 500mg,Analgesic,2026-04-28,36
Paracetamol 500mg,Analgesic,2026-04-29,33
Paracetamol 500mg,Analgesic,2026-04-30,35
Paracetamol 500mg,Analgesic,2026-05-01,50
Paracetamol 500mg,Analgesic,2026-05-02,51
Paracetamol 500mg,Analgesic,2026-05-03,44
Paracetamol 500mg,Analgesic,2026-05-04,48
Paracetamol 500mg,Analgesic,2026-05-05,58
Paracetamol 500mg,Analgesic,2026-05-06,42
Paracetamol 500mg,Analgesic,2026-05-07,54
Paracetamol 500mg,Analgesic,2026-05-08,65
Paracetamol 500mg,Analgesic,2026-05-09,65
Paracetamol 500mg,Analgesic,2026-05-10,40
Paracetamol 500mg,Analgesic,2026-05-11,46
Paracetamol 500mg,Analgesic,2026-05-12,51
Paracetamol 500mg,Analgesic,2026-05-13,40
Paracetamol 500mg,Analgesic,2026-05-14,42
Paracetamol 500mg,Analgesic,2026-05-15,44
Paracetamol 500mg,Analgesic,2026-05-16,52
Paracetamol 500mg,Analgesic,2026-05-17,40
Paracetamol 500mg,Analgesic,2026-05-18,40
Paracetamol 500mg,Analgesic,2026-05-19,40
Paracetamol 500mg,Analgesic,2026-05-20,38
Paracetamol 500mg,Analgesic,2026-05-21,34
Paracetamol 500mg,Analgesic,2026-05-22,25
Paracetamol 500mg,Analgesic,2026-05-23,37
Paracetamol 500mg,Analgesic,2026-05-24,35
Paracetamol 500mg,Analgesic,2026-05-25,26
Paracetamol 500mg,Analgesic,2026-05-26,29
Paracetamol 500mg,Analgesic,2026-05-27,41
Paracetamol 500mg,Analgesic,2026-05-28,40
Paracetamol 500mg,Analgesic,2026-05-29,34
Paracetamol 500mg,Analgesic,2026-05-30,39
Paracetamol 500mg,Analgesic,2026-05-31,42
Paracetamol 500mg,Analgesic,2026-06-01,49
Paracetamol 500mg,Analgesic,2026-06-02,55
Paracetamol 500mg,Analgesic,2026-06-03,49
Paracetamol 500mg,Analgesic,2026-06-04,58
Paracetamol 500mg,Analgesic,2026-06-05,57
Paracetamol 500mg,Analgesic,2026-06-06,54
Paracetamol 500mg,Analgesic,2026-06-07,43
Paracetamol 500mg,Analgesic,2026-06-08,46
Paracetamol 500mg,Analgesic,2026-06-09,57
Paracetamol 500mg,Analgesic,2026-06-10,40
Paracetamol 500mg,Analgesic,2026-06-11,51
Paracetamol 500mg,Analgesic,2026-06-12,55
Paracetamol 500mg,Analgesic,2026-06-13,48
Paracetamol 500mg,Analgesic,2026-06-14,41
Paracetamol 500mg,Analgesic,2026-06-15,37
Paracetamol 500mg,Analgesic,2026-06-16,46
Paracetamol 500mg,Analgesic,2026-06-17,41
Paracetamol 500mg,Analgesic,2026-06-18,35
Paracetamol 500mg,Analgesic,2026-06-19,42
Paracetamol 500mg,Analgesic,2026-06-20,39
Paracetamol 500mg,Analgesic,2026-06-21,44
Paracetamol 500mg,Analgesic,2026-06-22,36
Paracetamol 500mg,Analgesic,2026-06-23,31
Paracetamol 500mg,Analgesic,2026-06-24,32
Paracetamol 500mg,Analgesic,2026-06-25,21
Paracetamol 500mg,Analgesic,2026-06-26,36
Paracetamol 500mg,Analgesic,2026-06-27,36
Paracetamol 500mg,Analgesic,2026-06-28,30
Paracetamol 500mg,Analgesic,2026-06-29,40
Amoxicillin 250mg,Antibiotic,2026-01-01,13
Amoxicillin 250mg,Antibiotic,2026-01-02,16
Amoxicillin 250mg,Antibiotic,2026-01-03,12
Amoxicillin 250mg,Antibiotic,2026-01-04,12
Amoxicillin 250mg,Antibiotic,2026-01-05,12
Amoxicillin 250mg,Antibiotic,2026-01-06,13
Amoxicillin 250mg,Antibiotic,2026-01-07,14
Amoxicillin 250mg,Antibiotic,2026-01-08,15
Amoxicillin 250mg,Antibiotic,2026-01-09,15
Amoxicillin 250mg,Antibiotic,2026-01-10,16
Amoxicillin 250mg,Antibiotic,2026-01-11,14
Amoxicillin 250mg,Antibiotic,2026-01-12,16
Amoxicillin 250mg,Antibiotic,2026-01-13,13
Amoxicillin 250mg,Antibiotic,2026-01-14,18
Amoxicillin 250mg,Antibiotic,2026-01-15,13
Amoxicillin 250mg,Antibiotic,2026-01-16,10
Amoxicillin 250mg,Antibiotic,2026-01-17,9
Amoxicillin 250mg,Antibiotic,2026-01-18,11
Amoxicillin 250mg,Antibiotic,2026-01-19,9
Amoxicillin 250mg,Antibiotic,2026-01-20,11
Amoxicillin 250mg,Antibiotic,2026-01-21,10
Amoxicillin 250mg,Antibiotic,2026-01-22,8
Amoxicillin 250mg,Antibiotic,2026-01-23,7
Amoxicillin 250mg,Antibiotic,2026-01-24,6
Amoxicillin 250mg,Antibiotic,2026-01-25,8
Amoxicillin 250mg,Antibiotic,2026-01-26,10
Amoxicillin 250mg,Antibiotic,2026-01-27,10
Amoxicillin 250mg,Antibiotic,2026-01-28,7
Amoxicillin 250mg,Antibiotic,2026-01-29,11
Amoxicillin 250mg,Antibiotic,2026-01-30,12
Amoxicillin 250mg,Antibiotic,2026-01-31,10
Amoxicillin 250mg,Antibiotic,2026-02-01,12
Amoxicillin 250mg,Antibiotic,2026-02-02,13
Amoxicillin 250mg,Antibiotic,2026-02-03,11
Amoxicillin 250mg,Antibiotic,2026-02-04,14
Amoxicillin 250mg,Antibiotic,2026-02-05,15
Amoxicillin 250mg,Antibiotic,2026-02-06,16
Amoxicillin 250mg,Antibiotic,2026-02-07,16
Amoxicillin 250mg,Antibiotic,2026-02-08,12
Amoxicillin 250mg,Antibiotic,2026-02-09,13
Amoxicillin 250mg,Antibiotic,2026-02-10,15
Amoxicillin 250mg,Antibiotic,2026-02-11,15
Amoxicillin 250mg,Antibiotic,2026-02-12,14
Amoxicillin 250mg,Antibiotic,2026-02-13,20
Amoxicillin 250mg,Antibiotic,2026-02-14,13
Amoxicillin 250mg,Antibiotic,2026-02-15,14
Amoxicillin 250mg,Antibiotic,2026-02-16,13
Amoxicillin 250mg,Antibiotic,2026-02-17,11
Amoxicillin 250mg,Antibiotic,2026-02-18,9
Amoxicillin 250mg,Antibiotic,2026-02-19,11
Amoxicillin 250mg,Antibiotic,2026-02-20,7
Amoxicillin 250mg,Antibiotic,2026-02-21,8
Amoxicillin 250mg,Antibiotic,2026-02-22,8
Amoxicillin 250mg,Antibiotic,2026-02-23,9
Amoxicillin 250mg,Antibiotic,2026-02-24,13
Amoxicillin 250mg,Antibiotic,2026-02-25,5
Amoxicillin 250mg,Antibiotic,2026-02-26,10
Amoxicillin 250mg,Antibiotic,2026-02-27,7
Amoxicillin 250mg,Antibiotic,2026-02-28,9
Amoxicillin 250mg,Antibiotic,2026-03-01,13
Amoxicillin 250mg,Antibiotic,2026-03-02,12
Amoxicillin 250mg,Antibiotic,2026-03-03,10
Amoxicillin 250mg,Antibiotic,2026-03-04,11
Amoxicillin 250mg,Antibiotic,2026-03-05,15
Amoxicillin 250mg,Antibiotic,2026-03-06,12
Amoxicillin 250mg,Antibiotic,2026-03-07,15
Amoxicillin 250mg,Antibiotic,2026-03-08,14
Amoxicillin 250mg,Antibiotic,2026-03-09,13
Amoxicillin 250mg,Antibiotic,2026-03-10,18
Amoxicillin 250mg,Antibiotic,2026-03-11,16
Amoxicillin 250mg,Antibiotic,2026-03-12,11
Amoxicillin 250mg,Antibiotic,2026-03-13,14
Amoxicillin 250mg,Antibiotic,2026-03-14,12
Amoxicillin 250mg,Antibiotic,2026-03-15,14
Amoxicillin 250mg,Antibiotic,2026-03-16,11
Amoxicillin 250mg,Antibiotic,2026-03-17,11
Amoxicillin 250mg,Antibiotic,2026-03-18,12
Amoxicillin 250mg,Antibiotic,2026-03-19,12
Amoxicillin 250mg,Antibiotic,2026-03-20,8
Amoxicillin 250mg,Antibiotic,2026-03-21,9
Amoxicillin 250mg,Antibiotic,2026-03-22,8
Amoxicillin 250mg,Antibiotic,2026-03-23,7
Amoxicillin 250mg,Antibiotic,2026-03-24,12
Amoxicillin 250mg,Antibiotic,2026-03-25,9
Amoxicillin 250mg,Antibiotic,2026-03-26,6
Amoxicillin 250mg,Antibiotic,2026-03-27,11
Amoxicillin 250mg,Antibiotic,2026-03-28,13
Amoxicillin 250mg,Antibiotic,2026-03-29,12
Amoxicillin 250mg,Antibiotic,2026-03-30,8
Amoxicillin 250mg,Antibiotic,2026-03-31,10
Amoxicillin 250mg,Antibiotic,2026-04-01,14
Amoxicillin 250mg,Antibiotic,2026-04-02,11
Amoxicillin 250mg,Antibiotic,2026-04-03,14
Amoxicillin 250mg,Antibiotic,2026-04-04,15
Amoxicillin 250mg,Antibiotic,2026-04-05,12
Amoxicillin 250mg,Antibiotic,2026-04-06,14
Amoxicillin 250mg,Antibiotic,2026-04-07,9
Amoxicillin 250mg,Antibiotic,2026-04-08,13
Amoxicillin 250mg,Antibiotic,2026-04-09,14
Amoxicillin 250mg,Antibiotic,2026-04-10,12
Amoxicillin 250mg,Antibiotic,2026-04-11,17
Amoxicillin 250mg,Antibiotic,2026-04-12,11
Amoxicillin 250mg,Antibiotic,2026-04-13,13
Amoxicillin 250mg,Antibiotic,2026-04-14,13
Amoxicillin 250mg,Antibiotic,2026-04-15,15
Amoxicillin 250mg,Antibiotic,2026-04-16,9
Amoxicillin 250mg,Antibiotic,2026-04-17,13
Amoxicillin 250mg,Antibiotic,2026-04-18,10
Amoxicillin 250mg,Antibiotic,2026-04-19,8
Amoxicillin 250mg,Antibiotic,2026-04-20,10
Amoxicillin 250mg,Antibiotic,2026-04-21,9
Amoxicillin 250mg,Antibiotic,2026-04-22,8
Amoxicillin 250mg,Antibiotic,2026-04-23,9
Amoxicillin 250mg,Antibiotic,2026-04-24,8
Amoxicillin 250mg,Antibiotic,2026-04-25,9
Amoxicillin 250mg,Antibiotic,2026-04-26,10
Amoxicillin 250mg,Antibiotic,2026-04-27,12
Amoxicillin 250mg,Antibiotic,2026-04-28,7
Amoxicillin 250mg,Antibiotic,2026-04-29,14
Amoxicillin 250mg,Antibiotic,2026-04-30,7
Amoxicillin 250mg,Antibiotic,2026-05-01,11
Amoxicillin 250mg,Antibiotic,2026-05-02,13
Amoxicillin 250mg,Antibiotic,2026-05-03,13
Amoxicillin 250mg,Antibiotic,2026-05-04,12
Amoxicillin 250mg,Antibiotic,2026-05-05,13
Amoxicillin 250mg,Antibiotic,2026-05-06,13
Amoxicillin 250mg,Antibiotic,2026-05-07,13
Amoxicillin 250mg,Antibiotic,2026-05-08,16
Amoxicillin 250mg,Antibiotic,2026-05-09,15
Amoxicillin 250mg,Antibiotic,2026-05-10,13
Amoxicillin 250mg,Antibiotic,2026-05-11,16
Amoxicillin 250mg,Antibiotic,2026-05-12,14
Amoxicillin 250mg,Antibiotic,2026-05-13,15
Amoxicillin 250mg,Antibiotic,2026-05-14,14
Amoxicillin 250mg,Antibiotic,2026-05-15,11
Amoxicillin 250mg,Antibiotic,2026-05-16,10
Amoxicillin 250mg,Antibiotic,2026-05-17,12
Amoxicillin 250mg,Antibiotic,2026-05-18,11
Amoxicillin 250mg,Antibiotic,2026-05-19,10
Amoxicillin 250mg,Antibiotic,2026-05-20,9
Amoxicillin 250mg,Antibiotic,2026-05-21,11
Amoxicillin 250mg,Antibiotic,2026-05-22,8
Amoxicillin 250mg,Antibiotic,2026-05-23,9
Amoxicillin 250mg,Antibiotic,2026-05-24,8
Amoxicillin 250mg,Antibiotic,2026-05-25,8
Amoxicillin 250mg,Antibiotic,2026-05-26,11
Amoxicillin 250mg,Antibiotic,2026-05-27,11
Amoxicillin 250mg,Antibiotic,2026-05-28,11
Amoxicillin 250mg,Antibiotic,2026-05-29,13
Amoxicillin 250mg,Antibiotic,2026-05-30,11
Amoxicillin 250mg,Antibiotic,2026-05-31,13
Amoxicillin 250mg,Antibiotic,2026-06-01,12
Amoxicillin 250mg,Antibiotic,2026-06-02,13
Amoxicillin 250mg,Antibiotic,2026-06-03,13
Amoxicillin 250mg,Antibiotic,2026-06-04,14
Amoxicillin 250mg,Antibiotic,2026-06-05,15
Amoxicillin 250mg,Antibiotic,2026-06-06,13
Amoxicillin 250mg,Antibiotic,2026-06-07,18
Amoxicillin 250mg,Antibiotic,2026-06-08,13
Amoxicillin 250mg,Antibiotic,2026-06-09,12
Amoxicillin 250mg,Antibiotic,2026-06-10,16
Amoxicillin 250mg,Antibiotic,2026-06-11,15
Amoxicillin 250mg,Antibiotic,2026-06-12,14
Amoxicillin 250mg,Antibiotic,2026-06-13,14
Amoxicillin 250mg,Antibiotic,2026-06-14,12
Amoxicillin 250mg,Antibiotic,2026-06-15,10
Amoxicillin 250mg,Antibiotic,2026-06-16,11
Amoxicillin 250mg,Antibiotic,2026-06-17,9
Amoxicillin 250mg,Antibiotic,2026-06-18,11
Amoxicillin 250mg,Antibiotic,2026-06-19,9
Amoxicillin 250mg,Antibiotic,2026-06-20,7
Amoxicillin 250mg,Antibiotic,2026-06-21,8
Amoxicillin 250mg,Antibiotic,2026-06-22,9
Amoxicillin 250mg,Antibiotic,2026-06-23,7
Amoxicillin 250mg,Antibiotic,2026-06-24,7
Amoxicillin 250mg,Antibiotic,2026-06-25,9
Amoxicillin 250mg,Antibiotic,2026-06-26,10
Amoxicillin 250mg,Antibiotic,2026-06-27,9
Amoxicillin 250mg,Antibiotic,2026-06-28,9
Amoxicillin 250mg,Antibiotic,2026-06-29,11
Cetirizine 10mg,Antihistamine,2026-01-01,47
Cetirizine 10mg,Antihistamine,2026-01-02,43
Cetirizine 10mg,Antihistamine,2026-01-03,40
Cetirizine 10mg,Antihistamine,2026-01-04,45
Cetirizine 10mg,Antihistamine,2026-01-05,44
Cetirizine 10mg,Antihistamine,2026-01-06,48
Cetirizine 10mg,Antihistamine,2026-01-07,51
Cetirizine 10mg,Antihistamine,2026-01-08,37
Cetirizine 10mg,Antihistamine,2026-01-09,29
Cetirizine 10mg,Antihistamine,2026-01-10,41
Cetirizine 10mg,Antihistamine,2026-01-11,37
Cetirizine 10mg,Antihistamine,2026-01-12,48
Cetirizine 10mg,Antihistamine,2026-01-13,38
Cetirizine 10mg,Antihistamine,2026-01-14,30
Cetirizine 10mg,Antihistamine,2026-01-15,38
Cetirizine 10mg,Antihistamine,2026-01-16,31
Cetirizine 10mg,Antihistamine,2026-01-17,50
Cetirizine 10mg,Antihistamine,2026-01-18,42
Cetirizine 10mg,Antihistamine,2026-01-19,43
Cetirizine 10mg,Antihistamine,2026-01-20,42
Cetirizine 10mg,Antihistamine,2026-01-21,43
Cetirizine 10mg,Antihistamine,2026-01-22,45
Cetirizine 10mg,Antihistamine,2026-01-23,34
Cetirizine 10mg,Antihistamine,2026-01-24,29
Cetirizine 10mg,Antihistamine,2026-01-25,33
Cetirizine 10mg,Antihistamine,2026-01-26,38
Cetirizine 10mg,Antihistamine,2026-01-27,23
Cetirizine 10mg,Antihistamine,2026-01-28,46
Cetirizine 10mg,Antihistamine,2026-01-29,28
Cetirizine 10mg,Antihistamine,2026-01-30,44
Cetirizine 10mg,Antihistamine,2026-01-31,39
Cetirizine 10mg,Antihistamine,2026-02-01,43
Cetirizine 10mg,Antihistamine,2026-02-02,39
Cetirizine 10mg,Antihistamine,2026-02-03,44
Cetirizine 10mg,Antihistamine,2026-02-04,40
Cetirizine 10mg,Antihistamine,2026-02-05,40
Cetirizine 10mg,Antihistamine,2026-02-06,38
Cetirizine 10mg,Antihistamine,2026-02-07,53
Cetirizine 10mg,Antihistamine,2026-02-08,46
Cetirizine 10mg,Antihistamine,2026-02-09,45
Cetirizine 10mg,Antihistamine,2026-02-10,38
Cetirizine 10mg,Antihistamine,2026-02-11,41
Cetirizine 10mg,Antihistamine,2026-02-12,36
Cetirizine 10mg,Antihistamine,2026-02-13,39
Cetirizine 10mg,Antihistamine,2026-02-14,34
Cetirizine 10mg,Antihistamine,2026-02-15,50
Cetirizine 10mg,Antihistamine,2026-02-16,35
Cetirizine 10mg,Antihistamine,2026-02-17,34
Cetirizine 10mg,Antihistamine,2026-02-18,31
Cetirizine 10mg,Antihistamine,2026-02-19,34
Cetirizine 10mg,Antihistamine,2026-02-20,35
Cetirizine 10mg,Antihistamine,2026-02-21,37
Cetirizine 10mg,Antihistamine,2026-02-22,34
Cetirizine 10mg,Antihistamine,2026-02-23,28
Cetirizine 10mg,Antihistamine,2026-02-24,28
Cetirizine 10mg,Antihistamine,2026-02-25,42
Cetirizine 10mg,Antihistamine,2026-02-26,38
Cetirizine 10mg,Antihistamine,2026-02-27,43
Cetirizine 10mg,Antihistamine,2026-02-28,44
Cetirizine 10mg,Antihistamine,2026-03-01,41
Cetirizine 10mg,Antihistamine,2026-03-02,33
Cetirizine 10mg,Antihistamine,2026-03-03,42
Cetirizine 10mg,Antihistamine,2026-03-04,50
Cetirizine 10mg,Antihistamine,2026-03-05,39
Cetirizine 10mg,Antihistamine,2026-03-06,45
Cetirizine 10mg,Antihistamine,2026-03-07,43
Cetirizine 10mg,Antihistamine,2026-03-08,52
Cetirizine 10mg,Antihistamine,2026-03-09,39
Cetirizine 10mg,Antihistamine,2026-03-10,50
Cetirizine 10mg,Antihistamine,2026-03-11,41
Cetirizine 10mg,Antihistamine,2026-03-12,39
Cetirizine 10mg,Antihistamine,2026-03-13,43
Cetirizine 10mg,Antihistamine,2026-03-14,44
Cetirizine 10mg,Antihistamine,2026-03-15,53
Cetirizine 10mg,Antihistamine,2026-03-16,43
Cetirizine 10mg,Antihistamine,2026-03-17,42
Cetirizine 10mg,Antihistamine,2026-03-18,50
Cetirizine 10mg,Antihistamine,2026-03-19,43
Cetirizine 10mg,Antihistamine,2026-03-20,35
Cetirizine 10mg,Antihistamine,2026-03-21,47
Cetirizine 10mg,Antihistamine,2026-03-22,33
Cetirizine 10mg,Antihistamine,2026-03-23,34
Cetirizine 10mg,Antihistamine,2026-03-24,32
Cetirizine 10mg,Antihistamine,2026-03-25,32
Cetirizine 10mg,Antihistamine,2026-03-26,40
Cetirizine 10mg,Antihistamine,2026-03-27,36
Cetirizine 10mg,Antihistamine,2026-03-28,17
Cetirizine 10mg,Antihistamine,2026-03-29,37
Cetirizine 10mg,Antihistamine,2026-03-30,36
Cetirizine 10mg,Antihistamine,2026-03-31,45
Cetirizine 10mg,Antihistamine,2026-04-01,37
Cetirizine 10mg,Antihistamine,2026-04-02,57
Cetirizine 10mg,Antihistamine,2026-04-03,50
Cetirizine 10mg,Antihistamine,2026-04-04,40
Cetirizine 10mg,Antihistamine,2026-04-05,50
Cetirizine 10mg,Antihistamine,2026-04-06,46
Cetirizine 10mg,Antihistamine,2026-04-07,45
Cetirizine 10mg,Antihistamine,2026-04-08,48
Cetirizine 10mg,Antihistamine,2026-04-09,44
Cetirizine 10mg,Antihistamine,2026-04-10,45
Cetirizine 10mg,Antihistamine,2026-04-11,48
Cetirizine 10mg,Antihistamine,2026-04-12,55
Cetirizine 10mg,Antihistamine,2026-04-13,44
Cetirizine 10mg,Antihistamine,2026-04-14,39
Cetirizine 10mg,Antihistamine,2026-04-15,29
Cetirizine 10mg,Antihistamine,2026-04-16,53
Cetirizine 10mg,Antihistamine,2026-04-17,38
Cetirizine 10mg,Antihistamine,2026-04-18,43
Cetirizine 10mg,Antihistamine,2026-04-19,51
Cetirizine 10mg,Antihistamine,2026-04-20,40
Cetirizine 10mg,Antihistamine,2026-04-21,37
Cetirizine 10mg,Antihistamine,2026-04-22,47
Cetirizine 10mg,Antihistamine,2026-04-23,40
Cetirizine 10mg,Antihistamine,2026-04-24,41
Cetirizine 10mg,Antihistamine,2026-04-25,28
Cetirizine 10mg,Antihistamine,2026-04-26,45
Cetirizine 10mg,Antihistamine,2026-04-27,41
Cetirizine 10mg,Antihistamine,2026-04-28,30
Cetirizine 10mg,Antihistamine,2026-04-29,42
Cetirizine 10mg,Antihistamine,2026-04-30,27
Cetirizine 10mg,Antihistamine,2026-05-01,55
Cetirizine 10mg,Antihistamine,2026-05-02,34
Cetirizine 10mg,Antihistamine,2026-05-03,52
Cetirizine 10mg,Antihistamine,2026-05-04,37
Cetirizine 10mg,Antihistamine,2026-05-05,46
Cetirizine 10mg,Antihistamine,2026-05-06,37
Cetirizine 10mg,Antihistamine,2026-05-07,49
Cetirizine 10mg,Antihistamine,2026-05-08,42
Cetirizine 10mg,Antihistamine,2026-05-09,46
Cetirizine 10mg,Antihistamine,2026-05-10,43
Cetirizine 10mg,Antihistamine,2026-05-11,35
Cetirizine 10mg,Antihistamine,2026-05-12,46
Cetirizine 10mg,Antihistamine,2026-05-13,39
Cetirizine 10mg,Antihistamine,2026-05-14,48
Cetirizine 10mg,Antihistamine,2026-05-15,40
Cetirizine 10mg,Antihistamine,2026-05-16,40
Cetirizine 10mg,Antihistamine,2026-05-17,50
Cetirizine 10mg,Antihistamine,2026-05-18,54
Cetirizine 10mg,Antihistamine,2026-05-19,44
Cetirizine 10mg,Antihistamine,2026-05-20,37
Cetirizine 10mg,Antihistamine,2026-05-21,36
Cetirizine 10mg,Antihistamine,2026-05-22,33
Cetirizine 10mg,Antihistamine,2026-05-23,34
Cetirizine 10mg,Antihistamine,2026-05-24,36
Cetirizine 10mg,Antihistamine,2026-05-25,50
Cetirizine 10mg,Antihistamine,2026-05-26,37
Cetirizine 10mg,Antihistamine,2026-05-27,31
Cetirizine 10mg,Antihistamine,2026-05-28,39
Cetirizine 10mg,Antihistamine,2026-05-29,40
Cetirizine 10mg,Antihistamine,2026-05-30,40
Cetirizine 10mg,Antihistamine,2026-05-31,45
Cetirizine 10mg,Antihistamine,2026-06-01,42
Cetirizine 10mg,Antihistamine,2026-06-02,46
Cetirizine 10mg,Antihistamine,2026-06-03,37
Cetirizine 10mg,Antihistamine,2026-06-04,54
Cetirizine 10mg,Antihistamine,2026-06-05,45
Cetirizine 10mg,Antihistamine,2026-06-06,46
Cetirizine 10mg,Antihistamine,2026-06-07,39
Cetirizine 10mg,Antihistamine,2026-06-08,46
Cetirizine 10mg,Antihistamine,2026-06-09,47
Cetirizine 10mg,Antihistamine,2026-06-10,36
Cetirizine 10mg,Antihistamine,2026-06-11,32
Cetirizine 10mg,Antihistamine,2026-06-12,44
Cetirizine 10mg,Antihistamine,2026-06-13,39
Cetirizine 10mg,Antihistamine,2026-06-14,43
Cetirizine 10mg,Antihistamine,2026-06-15,33
Cetirizine 10mg,Antihistamine,2026-06-16,30
Cetirizine 10mg,Antihistamine,2026-06-17,41
Cetirizine 10mg,Antihistamine,2026-06-18,37
Cetirizine 10mg,Antihistamine,2026-06-19,25
Cetirizine 10mg,Antihistamine,2026-06-20,46
Cetirizine 10mg,Antihistamine,2026-06-21,30
Cetirizine 10mg,Antihistamine,2026-06-22,53
Cetirizine 10mg,Antihistamine,2026-06-23,34
Cetirizine 10mg,Antihistamine,2026-06-24,40
Cetirizine 10mg,Antihistamine,2026-06-25,48
Cetirizine 10mg,Antihistamine,2026-06-26,47
Cetirizine 10mg,Antihistamine,2026-06-27,51
Cetirizine 10mg,Antihistamine,2026-06-28,30
Cetirizine 10mg,Antihistamine,2026-06-29,33
Metformin 500mg,Antidiabetic,2026-01-01,39
Metformin 500mg,Antidiabetic,2026-01-02,66
Metformin 500mg,Antidiabetic,2026-01-03,60
Metformin 500mg,Antidiabetic,2026-01-04,63
Metformin 500mg,Antidiabetic,2026-01-05,61
Metformin 500mg,Antidiabetic,2026-01-06,63
Metformin 500mg,Antidiabetic,2026-01-07,62
Metformin 500mg,Antidiabetic,2026-01-08,61
Metformin 500mg,Antidiabetic,2026-01-09,63
Metformin 500mg,Antidiabetic,2026-01-10,62
Metformin 500mg,Antidiabetic,2026-01-11,58
Metformin 500mg,Antidiabetic,2026-01-12,59
Metformin 500mg,Antidiabetic,2026-01-13,41
Metformin 500mg,Antidiabetic,2026-01-14,66
Metformin 500mg,Antidiabetic,2026-01-15,61
Metformin 500mg,Antidiabetic,2026-01-16,55
Metformin 500mg,Antidiabetic,2026-01-17,55
Metformin 500mg,Antidiabetic,2026-01-18,53
Metformin 500mg,Antidiabetic,2026-01-19,43
Metformin 500mg,Antidiabetic,2026-01-20,43
Metformin 500mg,Antidiabetic,2026-01-21,51
Metformin 500mg,Antidiabetic,2026-01-22,47
Metformin 500mg,Antidiabetic,2026-01-23,62
Metformin 500mg,Antidiabetic,2026-01-24,58
Metformin 500mg,Antidiabetic,2026-01-25,53
Metformin 500mg,Antidiabetic,2026-01-26,40
Metformin 500mg,Antidiabetic,2026-01-27,43
Metformin 500mg,Antidiabetic,2026-01-28,41
Metformin 500mg,Antidiabetic,2026-01-29,53
Metformin 500mg,Antidiabetic,2026-01-30,30
Metformin 500mg,Antidiabetic,2026-01-31,52
Metformin 500mg,Antidiabetic,2026-02-01,55
Metformin 500mg,Antidiabetic,2026-02-02,47
Metformin 500mg,Antidiabetic,2026-02-03,69
Metformin 500mg,Antidiabetic,2026-02-04,54
Metformin 500mg,Antidiabetic,2026-02-05,67
Metformin 500mg,Antidiabetic,2026-02-06,89
Metformin 500mg,Antidiabetic,2026-02-07,53
Metformin 500mg,Antidiabetic,2026-02-08,65
Metformin 500mg,Antidiabetic,2026-02-09,62
Metformin 500mg,Antidiabetic,2026-02-10,60
Metformin 500mg,Antidiabetic,2026-02-11,70
Metformin 500mg,Antidiabetic,2026-02-12,71
Metformin 500mg,Antidiabetic,2026-02-13,66
Metformin 500mg,Antidiabetic,2026-02-14,52
Metformin 500mg,Antidiabetic,2026-02-15,76
Metformin 500mg,Antidiabetic,2026-02-16,38
Metformin 500mg,Antidiabetic,2026-02-17,42
Metformin 500mg,Antidiabetic,2026-02-18,51
Metformin 500mg,Antidiabetic,2026-02-19,48
Metformin 500mg,Antidiabetic,2026-02-20,50
Metformin 500mg,Antidiabetic,2026-02-21,58
Metformin 500mg,Antidiabetic,2026-02-22,44
Metformin 500mg,Antidiabetic,2026-02-23,46
Metformin 500mg,Antidiabetic,2026-02-24,40
Metformin 500mg,Antidiabetic,2026-02-25,51
Metformin 500mg,Antidiabetic,2026-02-26,45
Metformin 500mg,Antidiabetic,2026-02-27,46
Metformin 500mg,Antidiabetic,2026-02-28,56
Metformin 500mg,Antidiabetic,2026-03-01,62
Metformin 500mg,Antidiabetic,2026-03-02,37
Metformin 500mg,Antidiabetic,2026-03-03,61
Metformin 500mg,Antidiabetic,2026-03-04,58
Metformin 500mg,Antidiabetic,2026-03-05,70
Metformin 500mg,Antidiabetic,2026-03-06,61
Metformin 500mg,Antidiabetic,2026-03-07,76
Metformin 500mg,Antidiabetic,2026-03-08,60
Metformin 500mg,Antidiabetic,2026-03-09,48
Metformin 500mg,Antidiabetic,2026-03-10,75
Metformin 500mg,Antidiabetic,2026-03-11,59
Metformin 500mg,Antidiabetic,2026-03-12,52
Metformin 500mg,Antidiabetic,2026-03-13,64
Metformin 500mg,Antidiabetic,2026-03-14,60
Metformin 500mg,Antidiabetic,2026-03-15,67
Metformin 500mg,Antidiabetic,2026-03-16,65
Metformin 500mg,Antidiabetic,2026-03-17,56
Metformin 500mg,Antidiabetic,2026-03-18,46
Metformin 500mg,Antidiabetic,2026-03-19,53
Metformin 500mg,Antidiabetic,2026-03-20,51
Metformin 500mg,Antidiabetic,2026-03-21,52
Metformin 500mg,Antidiabetic,2026-03-22,39
Metformin 500mg,Antidiabetic,2026-03-23,42
Metformin 500mg,Antidiabetic,2026-03-24,49
Metformin 500mg,Antidiabetic,2026-03-25,55
Metformin 500mg,Antidiabetic,2026-03-26,53
Metformin 500mg,Antidiabetic,2026-03-27,47
Metformin 500mg,Antidiabetic,2026-03-28,43
Metformin 500mg,Antidiabetic,2026-03-29,53
Metformin 500mg,Antidiabetic,2026-03-30,42
Metformin 500mg,Antidiabetic,2026-03-31,46
Metformin 500mg,Antidiabetic,2026-04-01,68
Metformin 500mg,Antidiabetic,2026-04-02,61
Metformin 500mg,Antidiabetic,2026-04-03,57
Metformin 500mg,Antidiabetic,2026-04-04,69
Metformin 500mg,Antidiabetic,2026-04-05,74
Metformin 500mg,Antidiabetic,2026-04-06,61
Metformin 500mg,Antidiabetic,2026-04-07,62
Metformin 500mg,Antidiabetic,2026-04-08,62
Metformin 500mg,Antidiabetic,2026-04-09,74
Metformin 500mg,Antidiabetic,2026-04-10,74
Metformin 500mg,Antidiabetic,2026-04-11,77
Metformin 500mg,Antidiabetic,2026-04-12,72
Metformin 500mg,Antidiabetic,2026-04-13,48
Metformin 500mg,Antidiabetic,2026-04-14,62
Metformin 500mg,Antidiabetic,2026-04-15,49
Metformin 500mg,Antidiabetic,2026-04-16,51
Metformin 500mg,Antidiabetic,2026-04-17,55
Metformin 500mg,Antidiabetic,2026-04-18,58
Metformin 500mg,Antidiabetic,2026-04-19,42
Metformin 500mg,Antidiabetic,2026-04-20,28
Metformin 500mg,Antidiabetic,2026-04-21,48
Metformin 500mg,Antidiabetic,2026-04-22,67
Metformin 500mg,Antidiabetic,2026-04-23,43
Metformin 500mg,Antidiabetic,2026-04-24,45
Metformin 500mg,Antidiabetic,2026-04-25,60
Metformin 500mg,Antidiabetic,2026-04-26,51
Metformin 500mg,Antidiabetic,2026-04-27,49
Metformin 500mg,Antidiabetic,2026-04-28,53
Metformin 500mg,Antidiabetic,2026-04-29,53
Metformin 500mg,Antidiabetic,2026-04-30,44
Metformin 500mg,Antidiabetic,2026-05-01,44
Metformin 500mg,Antidiabetic,2026-05-02,74
Metformin 500mg,Antidiabetic,2026-05-03,61
Metformin 500mg,Antidiabetic,2026-05-04,63
Metformin 500mg,Antidiabetic,2026-05-05,63
Metformin 500mg,Antidiabetic,2026-05-06,71
Metformin 500mg,Antidiabetic,2026-05-07,87
Metformin 500mg,Antidiabetic,2026-05-08,71
Metformin 500mg,Antidiabetic,2026-05-09,61
Metformin 500mg,Antidiabetic,2026-05-10,65
Metformin 500mg,Antidiabetic,2026-05-11,74
Metformin 500mg,Antidiabetic,2026-05-12,59
Metformin 500mg,Antidiabetic,2026-05-13,69
Metformin 500mg,Antidiabetic,2026-05-14,40
Metformin 500mg,Antidiabetic,2026-05-15,56
Metformin 500mg,Antidiabetic,2026-05-16,61
Metformin 500mg,Antidiabetic,2026-05-17,64
Metformin 500mg,Antidiabetic,2026-05-18,44
Metformin 500mg,Antidiabetic,2026-05-19,36
Metformin 500mg,Antidiabetic,2026-05-20,45
Metformin 500mg,Antidiabetic,2026-05-21,37
Metformin 500mg,Antidiabetic,2026-05-22,44
Metformin 500mg,Antidiabetic,2026-05-23,45
Metformin 500mg,Antidiabetic,2026-05-24,34
Metformin 500mg,Antidiabetic,2026-05-25,52
Metformin 500mg,Antidiabetic,2026-05-26,45
Metformin 500mg,Antidiabetic,2026-05-27,57
Metformin 500mg,Antidiabetic,2026-05-28,34
Metformin 500mg,Antidiabetic,2026-05-29,43
Metformin 500mg,Antidiabetic,2026-05-30,58
Metformin 500mg,Antidiabetic,2026-05-31,49
Metformin 500mg,Antidiabetic,2026-06-01,56
Metformin 500mg,Antidiabetic,2026-06-02,60
Metformin 500mg,Antidiabetic,2026-06-03,63
Metformin 500mg,Antidiabetic,2026-06-04,58
Metformin 500mg,Antidiabetic,2026-06-05,66
Metformin 500mg,Antidiabetic,2026-06-06,59
Metformin 500mg,Antidiabetic,2026-06-07,72
Metformin 500mg,Antidiabetic,2026-06-08,65
Metformin 500mg,Antidiabetic,2026-06-09,67
Metformin 500mg,Antidiabetic,2026-06-10,86
Metformin 500mg,Antidiabetic,2026-06-11,54
Metformin 500mg,Antidiabetic,2026-06-12,74
Metformin 500mg,Antidiabetic,2026-06-13,38
Metformin 500mg,Antidiabetic,2026-06-14,40
Metformin 500mg,Antidiabetic,2026-06-15,45
Metformin 500mg,Antidiabetic,2026-06-16,43
Metformin 500mg,Antidiabetic,2026-06-17,53
Metformin 500mg,Antidiabetic,2026-06-18,52
Metformin 500mg,Antidiabetic,2026-06-19,45
Metformin 500mg,Antidiabetic,2026-06-20,45
Metformin 500mg,Antidiabetic,2026-06-21,50
Metformin 500mg,Antidiabetic,2026-06-22,52
Metformin 500mg,Antidiabetic,2026-06-23,34
Metformin 500mg,Antidiabetic,2026-06-24,42
Metformin 500mg,Antidiabetic,2026-06-25,46
Metformin 500mg,Antidiabetic,2026-06-26,52
Metformin 500mg,Antidiabetic,2026-06-27,43
Metformin 500mg,Antidiabetic,2026-06-28,50
Metformin 500mg,Antidiabetic,2026-06-29,53
Atorvastatin 10mg,Statin,2026-01-01,59
Atorvastatin 10mg,Statin,2026-01-02,47
Atorvastatin 10mg,Statin,2026-01-03,45
Atorvastatin 10mg,Statin,2026-01-04,70
Atorvastatin 10mg,Statin,2026-01-05,70
Atorvastatin 10mg,Statin,2026-01-06,64
Atorvastatin 10mg,Statin,2026-01-07,78
Atorvastatin 10mg,Statin,2026-01-08,67
Atorvastatin 10mg,Statin,2026-01-09,74
Atorvastatin 10mg,Statin,2026-01-10,66
Atorvastatin 10mg,Statin,2026-01-11,60
Atorvastatin 10mg,Statin,2026-01-12,52
Atorvastatin 10mg,Statin,2026-01-13,56
Atorvastatin 10mg,Statin,2026-01-14,58
Atorvastatin 10mg,Statin,2026-01-15,71
Atorvastatin 10mg,Statin,2026-01-16,65
Atorvastatin 10mg,Statin,2026-01-17,60
Atorvastatin 10mg,Statin,2026-01-18,64
Atorvastatin 10mg,Statin,2026-01-19,61
Atorvastatin 10mg,Statin,2026-01-20,57
Atorvastatin 10mg,Statin,2026-01-21,41
Atorvastatin 10mg,Statin,2026-01-22,64
Atorvastatin 10mg,Statin,2026-01-23,50
Atorvastatin 10mg,Statin,2026-01-24,64
Atorvastatin 10mg,Statin,2026-01-25,65
Atorvastatin 10mg,Statin,2026-01-26,49
Atorvastatin 10mg,Statin,2026-01-27,64
Atorvastatin 10mg,Statin,2026-01-28,53
Atorvastatin 10mg,Statin,2026-01-29,54
Atorvastatin 10mg,Statin,2026-01-30,60
Atorvastatin 10mg,Statin,2026-01-31,61
Atorvastatin 10mg,Statin,2026-02-01,60
Atorvastatin 10mg,Statin,2026-02-02,49
Atorvastatin 10mg,Statin,2026-02-03,60
Atorvastatin 10mg,Statin,2026-02-04,82
Atorvastatin 10mg,Statin,2026-02-05,38
Atorvastatin 10mg,Statin,2026-02-06,70
Atorvastatin 10mg,Statin,2026-02-07,72
Atorvastatin 10mg,Statin,2026-02-08,51
Atorvastatin 10mg,Statin,2026-02-09,59
Atorvastatin 10mg,Statin,2026-02-10,54
Atorvastatin 10mg,Statin,2026-02-11,78
Atorvastatin 10mg,Statin,2026-02-12,71
Atorvastatin 10mg,Statin,2026-02-13,71
Atorvastatin 10mg,Statin,2026-02-14,61
Atorvastatin 10mg,Statin,2026-02-15,70
Atorvastatin 10mg,Statin,2026-02-16,57
Atorvastatin 10mg,Statin,2026-02-17,69
Atorvastatin 10mg,Statin,2026-02-18,55
Atorvastatin 10mg,Statin,2026-02-19,49
Atorvastatin 10mg,Statin,2026-02-20,71
Atorvastatin 10mg,Statin,2026-02-21,54
Atorvastatin 10mg,Statin,2026-02-22,46
Atorvastatin 10mg,Statin,2026-02-23,46
Atorvastatin 10mg,Statin,2026-02-24,46
Atorvastatin 10mg,Statin,2026-02-25,62
Atorvastatin 10mg,Statin,2026-02-26,54
Atorvastatin 10mg,Statin,2026-02-27,76
Atorvastatin 10mg,Statin,2026-02-28,67
Atorvastatin 10mg,Statin,2026-03-01,60
Atorvastatin 10mg,Statin,2026-03-02,71
Atorvastatin 10mg,Statin,2026-03-03,55
Atorvastatin 10mg,Statin,2026-03-04,44
Atorvastatin 10mg,Statin,2026-03-05,52
Atorvastatin 10mg,Statin,2026-03-06,63
Atorvastatin 10mg,Statin,2026-03-07,60
Atorvastatin 10mg,Statin,2026-03-08,70
Atorvastatin 10mg,Statin,2026-03-09,62
Atorvastatin 10mg,Statin,2026-03-10,70
Atorvastatin 10mg,Statin,2026-03-11,76
Atorvastatin 10mg,Statin,2026-03-12,61
Atorvastatin 10mg,Statin,2026-03-13,67
Atorvastatin 10mg,Statin,2026-03-14,46
Atorvastatin 10mg,Statin,2026-03-15,59
Atorvastatin 10mg,Statin,2026-03-16,49
Atorvastatin 10mg,Statin,2026-03-17,60
Atorvastatin 10mg,Statin,2026-03-18,60
Atorvastatin 10mg,Statin,2026-03-19,59
Atorvastatin 10mg,Statin,2026-03-20,52
Atorvastatin 10mg,Statin,2026-03-21,76
Atorvastatin 10mg,Statin,2026-03-22,43
Atorvastatin 10mg,Statin,2026-03-23,42
Atorvastatin 10mg,Statin,2026-03-24,69
Atorvastatin 10mg,Statin,2026-03-25,48
Atorvastatin 10mg,Statin,2026-03-26,46
Atorvastatin 10mg,Statin,2026-03-27,75
Atorvastatin 10mg,Statin,2026-03-28,64
Atorvastatin 10mg,Statin,2026-03-29,51
Atorvastatin 10mg,Statin,2026-03-30,59
Atorvastatin 10mg,Statin,2026-03-31,75
Atorvastatin 10mg,Statin,2026-04-01,65
Atorvastatin 10mg,Statin,2026-04-02,71
Atorvastatin 10mg,Statin,2026-04-03,67
Atorvastatin 10mg,Statin,2026-04-04,69
Atorvastatin 10mg,Statin,2026-04-05,62
Atorvastatin 10mg,Statin,2026-04-06,62
Atorvastatin 10mg,Statin,2026-04-07,65
Atorvastatin 10mg,Statin,2026-04-08,69
Atorvastatin 10mg,Statin,2026-04-09,60
Atorvastatin 10mg,Statin,2026-04-10,64
Atorvastatin 10mg,Statin,2026-04-11,60
Atorvastatin 10mg,Statin,2026-04-12,63
Atorvastatin 10mg,Statin,2026-04-13,50
Atorvastatin 10mg,Statin,2026-04-14,83
Atorvastatin 10mg,Statin,2026-04-15,53
Atorvastatin 10mg,Statin,2026-04-16,55
Atorvastatin 10mg,Statin,2026-04-17,50
Atorvastatin 10mg,Statin,2026-04-18,62
Atorvastatin 10mg,Statin,2026-04-19,54
Atorvastatin 10mg,Statin,2026-04-20,47
Atorvastatin 10mg,Statin,2026-04-21,60
Atorvastatin 10mg,Statin,2026-04-22,61
Atorvastatin 10mg,Statin,2026-04-23,53
Atorvastatin 10mg,Statin,2026-04-24,48
Atorvastatin 10mg,Statin,2026-04-25,74
Atorvastatin 10mg,Statin,2026-04-26,58
Atorvastatin 10mg,Statin,2026-04-27,44
Atorvastatin 10mg,Statin,2026-04-28,68
Atorvastatin 10mg,Statin,2026-04-29,49
Atorvastatin 10mg,Statin,2026-04-30,82
Atorvastatin 10mg,Statin,2026-05-01,59
Atorvastatin 10mg,Statin,2026-05-02,68
Atorvastatin 10mg,Statin,2026-05-03,42
Atorvastatin 10mg,Statin,2026-05-04,50
Atorvastatin 10mg,Statin,2026-05-05,74
Atorvastatin 10mg,Statin,2026-05-06,65
Atorvastatin 10mg,Statin,2026-05-07,81
Atorvastatin 10mg,Statin,2026-05-08,67
Atorvastatin 10mg,Statin,2026-05-09,64
Atorvastatin 10mg,Statin,2026-05-10,78
Atorvastatin 10mg,Statin,2026-05-11,71
Atorvastatin 10mg,Statin,2026-05-12,60
Atorvastatin 10mg,Statin,2026-05-13,51
Atorvastatin 10mg,Statin,2026-05-14,39
Atorvastatin 10mg,Statin,2026-05-15,56
Atorvastatin 10mg,Statin,2026-05-16,48
Atorvastatin 10mg,Statin,2026-05-17,81
Atorvastatin 10mg,Statin,2026-05-18,51
Atorvastatin 10mg,Statin,2026-05-19,50
Atorvastatin 10mg,Statin,2026-05-20,42
Atorvastatin 10mg,Statin,2026-05-21,52
Atorvastatin 10mg,Statin,2026-05-22,48
Atorvastatin 10mg,Statin,2026-05-23,69
Atorvastatin 10mg,Statin,2026-05-24,56
Atorvastatin 10mg,Statin,2026-05-25,54
Atorvastatin 10mg,Statin,2026-05-26,53
Atorvastatin 10mg,Statin,2026-05-27,62
Atorvastatin 10mg,Statin,2026-05-28,52
Atorvastatin 10mg,Statin,2026-05-29,63
Atorvastatin 10mg,Statin,2026-05-30,72
Atorvastatin 10mg,Statin,2026-05-31,63
Atorvastatin 10mg,Statin,2026-06-01,57
Atorvastatin 10mg,Statin,2026-06-02,52
Atorvastatin 10mg,Statin,2026-06-03,59
Atorvastatin 10mg,Statin,2026-06-04,67
Atorvastatin 10mg,Statin,2026-06-05,49
Atorvastatin 10mg,Statin,2026-06-06,70
Atorvastatin 10mg,Statin,2026-06-07,65
Atorvastatin 10mg,Statin,2026-06-08,62
Atorvastatin 10mg,Statin,2026-06-09,57
Atorvastatin 10mg,Statin,2026-06-10,58
Atorvastatin 10mg,Statin,2026-06-11,67
Atorvastatin 10mg,Statin,2026-06-12,60
Atorvastatin 10mg,Statin,2026-06-13,56
Atorvastatin 10mg,Statin,2026-06-14,64
Atorvastatin 10mg,Statin,2026-06-15,63
Atorvastatin 10mg,Statin,2026-06-16,47
Atorvastatin 10mg,Statin,2026-06-17,62
Atorvastatin 10mg,Statin,2026-06-18,78
Atorvastatin 10mg,Statin,2026-06-19,59
Atorvastatin 10mg,Statin,2026-06-20,40
Atorvastatin 10mg,Statin,2026-06-21,56
Atorvastatin 10mg,Statin,2026-06-22,38
Atorvastatin 10mg,Statin,2026-06-23,82
Atorvastatin 10mg,Statin,2026-06-24,74
Atorvastatin 10mg,Statin,2026-06-25,49
Atorvastatin 10mg,Statin,2026-06-26,35
Atorvastatin 10mg,Statin,2026-06-27,48
Atorvastatin 10mg,Statin,2026-06-28,55
Atorvastatin 10mg,Statin,2026-06-29,42
Omeprazole 20mg,Antacid,2026-01-01,7
Omeprazole 20mg,Antacid,2026-01-02,7
Omeprazole 20mg,Antacid,2026-01-03,8
Omeprazole 20mg,Antacid,2026-01-04,10
Omeprazole 20mg,Antacid,2026-01-05,8
Omeprazole 20mg,Antacid,2026-01-06,7
Omeprazole 20mg,Antacid,2026-01-07,7
Omeprazole 20mg,Antacid,2026-01-08,8
Omeprazole 20mg,Antacid,2026-01-09,8
Omeprazole 20mg,Antacid,2026-01-10,10
Omeprazole 20mg,Antacid,2026-01-11,8
Omeprazole 20mg,Antacid,2026-01-12,8
Omeprazole 20mg,Antacid,2026-01-13,8
Omeprazole 20mg,Antacid,2026-01-14,9
Omeprazole 20mg,Antacid,2026-01-15,10
Omeprazole 20mg,Antacid,2026-01-16,6
Omeprazole 20mg,Antacid,2026-01-17,6
Omeprazole 20mg,Antacid,2026-01-18,7
Omeprazole 20mg,Antacid,2026-01-19,6
Omeprazole 20mg,Antacid,2026-01-20,7
Omeprazole 20mg,Antacid,2026-01-21,5
Omeprazole 20mg,Antacid,2026-01-22,4
Omeprazole 20mg,Antacid,2026-01-23,5
Omeprazole 20mg,Antacid,2026-01-24,6
Omeprazole 20mg,Antacid,2026-01-25,5
Omeprazole 20mg,Antacid,2026-01-26,5
Omeprazole 20mg,Antacid,2026-01-27,6
Omeprazole 20mg,Antacid,2026-01-28,7
Omeprazole 20mg,Antacid,2026-01-29,7
Omeprazole 20mg,Antacid,2026-01-30,7
Omeprazole 20mg,Antacid,2026-01-31,6
Omeprazole 20mg,Antacid,2026-02-01,7
Omeprazole 20mg,Antacid,2026-02-02,9
Omeprazole 20mg,Antacid,2026-02-03,7
Omeprazole 20mg,Antacid,2026-02-04,8
Omeprazole 20mg,Antacid,2026-02-05,8
Omeprazole 20mg,Antacid,2026-02-06,8
Omeprazole 20mg,Antacid,2026-02-07,10
Omeprazole 20mg,Antacid,2026-02-08,9
Omeprazole 20mg,Antacid,2026-02-09,8
Omeprazole 20mg,Antacid,2026-02-10,7
Omeprazole 20mg,Antacid,2026-02-11,9
Omeprazole 20mg,Antacid,2026-02-12,8
Omeprazole 20mg,Antacid,2026-02-13,10
Omeprazole 20mg,Antacid,2026-02-14,7
Omeprazole 20mg,Antacid,2026-02-15,7
Omeprazole 20mg,Antacid,2026-02-16,6
Omeprazole 20mg,Antacid,2026-02-17,7
Omeprazole 20mg,Antacid,2026-02-18,5
Omeprazole 20mg,Antacid,2026-02-19,5
Omeprazole 20mg,Antacid,2026-02-20,5
Omeprazole 20mg,Antacid,2026-02-21,5
Omeprazole 20mg,Antacid,2026-02-22,4
Omeprazole 20mg,Antacid,2026-02-23,5
Omeprazole 20mg,Antacid,2026-02-24,6
Omeprazole 20mg,Antacid,2026-02-25,4
Omeprazole 20mg,Antacid,2026-02-26,5
Omeprazole 20mg,Antacid,2026-02-27,5
Omeprazole 20mg,Antacid,2026-02-28,7
Omeprazole 20mg,Antacid,2026-03-01,4
Omeprazole 20mg,Antacid,2026-03-02,6
Omeprazole 20mg,Antacid,2026-03-03,7
Omeprazole 20mg,Antacid,2026-03-04,9
Omeprazole 20mg,Antacid,2026-03-05,8
Omeprazole 20mg,Antacid,2026-03-06,7
Omeprazole 20mg,Antacid,2026-03-07,10
Omeprazole 20mg,Antacid,2026-03-08,7
Omeprazole 20mg,Antacid,2026-03-09,6
Omeprazole 20mg,Antacid,2026-03-10,9
Omeprazole 20mg,Antacid,2026-03-11,8
Omeprazole 20mg,Antacid,2026-03-12,7
Omeprazole 20mg,Antacid,2026-03-13,9
Omeprazole 20mg,Antacid,2026-03-14,8
Omeprazole 20mg,Antacid,2026-03-15,7
Omeprazole 20mg,Antacid,2026-03-16,6
Omeprazole 20mg,Antacid,2026-03-17,7
Omeprazole 20mg,Antacid,2026-03-18,7
Omeprazole 20mg,Antacid,2026-03-19,6
Omeprazole 20mg,Antacid,2026-03-20,7
Omeprazole 20mg,Antacid,2026-03-21,4
Omeprazole 20mg,Antacid,2026-03-22,3
Omeprazole 20mg,Antacid,2026-03-23,4
Omeprazole 20mg,Antacid,2026-03-24,4
Omeprazole 20mg,Antacid,2026-03-25,5
Omeprazole 20mg,Antacid,2026-03-26,4
Omeprazole 20mg,Antacid,2026-03-27,5
Omeprazole 20mg,Antacid,2026-03-28,4
Omeprazole 20mg,Antacid,2026-03-29,7
Omeprazole 20mg,Antacid,2026-03-30,6
Omeprazole 20mg,Antacid,2026-03-31,7
Omeprazole 20mg,Antacid,2026-04-01,7
Omeprazole 20mg,Antacid,2026-04-02,7
Omeprazole 20mg,Antacid,2026-04-03,8
Omeprazole 20mg,Antacid,2026-04-04,8
Omeprazole 20mg,Antacid,2026-04-05,9
Omeprazole 20mg,Antacid,2026-04-06,10
Omeprazole 20mg,Antacid,2026-04-07,9
Omeprazole 20mg,Antacid,2026-04-08,9
Omeprazole 20mg,Antacid,2026-04-09,8
Omeprazole 20mg,Antacid,2026-04-10,10
Omeprazole 20mg,Antacid,2026-04-11,8
Omeprazole 20mg,Antacid,2026-04-12,10
Omeprazole 20mg,Antacid,2026-04-13,8
Omeprazole 20mg,Antacid,2026-04-14,6
Omeprazole 20mg,Antacid,2026-04-15,7
Omeprazole 20mg,Antacid,2026-04-16,6
Omeprazole 20mg,Antacid,2026-04-17,7
Omeprazole 20mg,Antacid,2026-04-18,5
Omeprazole 20mg,Antacid,2026-04-19,5
Omeprazole 20mg,Antacid,2026-04-20,3
Omeprazole 20mg,Antacid,2026-04-21,4
Omeprazole 20mg,Antacid,2026-04-22,2
Omeprazole 20mg,Antacid,2026-04-23,3
Omeprazole 20mg,Antacid,2026-04-24,5
Omeprazole 20mg,Antacid,2026-04-25,5
Omeprazole 20mg,Antacid,2026-04-26,5
Omeprazole 20mg,Antacid,2026-04-27,4
Omeprazole 20mg,Antacid,2026-04-28,5
Omeprazole 20mg,Antacid,2026-04-29,6
Omeprazole 20mg,Antacid,2026-04-30,5
Omeprazole 20mg,Antacid,2026-05-01,8
Omeprazole 20mg,Antacid,2026-05-02,8
Omeprazole 20mg,Antacid,2026-05-03,7
Omeprazole 20mg,Antacid,2026-05-04,8
Omeprazole 20mg,Antacid,2026-05-05,8
Omeprazole 20mg,Antacid,2026-05-06,6
Omeprazole 20mg,Antacid,2026-05-07,8
Omeprazole 20mg,Antacid,2026-05-08,8
Omeprazole 20mg,Antacid,2026-05-09,7
Omeprazole 20mg,Antacid,2026-05-10,8
Omeprazole 20mg,Antacid,2026-05-11,10
Omeprazole 20mg,Antacid,2026-05-12,9
Omeprazole 20mg,Antacid,2026-05-13,7
Omeprazole 20mg,Antacid,2026-05-14,8
Omeprazole 20mg,Antacid,2026-05-15,8
Omeprazole 20mg,Antacid,2026-05-16,7
Omeprazole 20mg,Antacid,2026-05-17,6
Omeprazole 20mg,Antacid,2026-05-18,5
Omeprazole 20mg,Antacid,2026-05-19,6
Omeprazole 20mg,Antacid,2026-05-20,5
Omeprazole 20mg,Antacid,2026-05-21,6
Omeprazole 20mg,Antacid,2026-05-22,5
Omeprazole 20mg,Antacid,2026-05-23,6
Omeprazole 20mg,Antacid,2026-05-24,4
Omeprazole 20mg,Antacid,2026-05-25,6
Omeprazole 20mg,Antacid,2026-05-26,5
Omeprazole 20mg,Antacid,2026-05-27,7
Omeprazole 20mg,Antacid,2026-05-28,5
Omeprazole 20mg,Antacid,2026-05-29,8
Omeprazole 20mg,Antacid,2026-05-30,6
Omeprazole 20mg,Antacid,2026-05-31,6
Omeprazole 20mg,Antacid,2026-06-01,6
Omeprazole 20mg,Antacid,2026-06-02,7
Omeprazole 20mg,Antacid,2026-06-03,8
Omeprazole 20mg,Antacid,2026-06-04,9
Omeprazole 20mg,Antacid,2026-06-05,8
Omeprazole 20mg,Antacid,2026-06-06,8
Omeprazole 20mg,Antacid,2026-06-07,11
Omeprazole 20mg,Antacid,2026-06-08,10
Omeprazole 20mg,Antacid,2026-06-09,9
Omeprazole 20mg,Antacid,2026-06-10,8
Omeprazole 20mg,Antacid,2026-06-11,8
Omeprazole 20mg,Antacid,2026-06-12,8
Omeprazole 20mg,Antacid,2026-06-13,6
Omeprazole 20mg,Antacid,2026-06-14,7
Omeprazole 20mg,Antacid,2026-06-15,5
Omeprazole 20mg,Antacid,2026-06-16,7
Omeprazole 20mg,Antacid,2026-06-17,6
Omeprazole 20mg,Antacid,2026-06-18,5
Omeprazole 20mg,Antacid,2026-06-19,7
Omeprazole 20mg,Antacid,2026-06-20,3
Omeprazole 20mg,Antacid,2026-06-21,3
Omeprazole 20mg,Antacid,2026-06-22,5
Omeprazole 20mg,Antacid,2026-06-23,6
Omeprazole 20mg,Antacid,2026-06-24,6
Omeprazole 20mg,Antacid,2026-06-25,4
Omeprazole 20mg,Antacid,2026-06-26,6
Omeprazole 20mg,Antacid,2026-06-27,5
Omeprazole 20mg,Antacid,2026-06-28,6
Omeprazole 20mg,Antacid,2026-06-29,7
Azithromycin 500mg,Antibiotic,2026-01-01,39
Azithromycin 500mg,Antibiotic,2026-01-02,39
Azithromycin 500mg,Antibiotic,2026-01-03,46
Azithromycin 500mg,Antibiotic,2026-01-04,38
Azithromycin 500mg,Antibiotic,2026-01-05,52
Azithromycin 500mg,Antibiotic,2026-01-06,62
Azithromycin 500mg,Antibiotic,2026-01-07,55
Azithromycin 500mg,Antibiotic,2026-01-08,69
Azithromycin 500mg,Antibiotic,2026-01-09,71
Azithromycin 500mg,Antibiotic,2026-01-10,67
Azithromycin 500mg,Antibiotic,2026-01-11,59
Azithromycin 500mg,Antibiotic,2026-01-12,40
Azithromycin 500mg,Antibiotic,2026-01-13,49
Azithromycin 500mg,Antibiotic,2026-01-14,50
Azithromycin 500mg,Antibiotic,2026-01-15,42
Azithromycin 500mg,Antibiotic,2026-01-16,45
Azithromycin 500mg,Antibiotic,2026-01-17,54
Azithromycin 500mg,Antibiotic,2026-01-18,29
Azithromycin 500mg,Antibiotic,2026-01-19,50
Azithromycin 500mg,Antibiotic,2026-01-20,41
Azithromycin 500mg,Antibiotic,2026-01-21,35
Azithromycin 500mg,Antibiotic,2026-01-22,28
Azithromycin 500mg,Antibiotic,2026-01-23,26
Azithromycin 500mg,Antibiotic,2026-01-24,21
Azithromycin 500mg,Antibiotic,2026-01-25,44
Azithromycin 500mg,Antibiotic,2026-01-26,44
Azithromycin 500mg,Antibiotic,2026-01-27,26
Azithromycin 500mg,Antibiotic,2026-01-28,34
Azithromycin 500mg,Antibiotic,2026-01-29,43
Azithromycin 500mg,Antibiotic,2026-01-30,41
Azithromycin 500mg,Antibiotic,2026-01-31,32
Azithromycin 500mg,Antibiotic,2026-02-01,44
Azithromycin 500mg,Antibiotic,2026-02-02,65
Azithromycin 500mg,Antibiotic,2026-02-03,49
Azithromycin 500mg,Antibiotic,2026-02-04,55
Azithromycin 500mg,Antibiotic,2026-02-05,49
Azithromycin 500mg,Antibiotic,2026-02-06,63
Azithromycin 500mg,Antibiotic,2026-02-07,60
Azithromycin 500mg,Antibiotic,2026-02-08,54
Azithromycin 500mg,Antibiotic,2026-02-09,50
Azithromycin 500mg,Antibiotic,2026-02-10,67
Azithromycin 500mg,Antibiotic,2026-02-11,45
Azithromycin 500mg,Antibiotic,2026-02-12,57
Azithromycin 500mg,Antibiotic,2026-02-13,36
Azithromycin 500mg,Antibiotic,2026-02-14,53
Azithromycin 500mg,Antibiotic,2026-02-15,52
Azithromycin 500mg,Antibiotic,2026-02-16,50
Azithromycin 500mg,Antibiotic,2026-02-17,39
Azithromycin 500mg,Antibiotic,2026-02-18,48
Azithromycin 500mg,Antibiotic,2026-02-19,51
Azithromycin 500mg,Antibiotic,2026-02-20,31
Azithromycin 500mg,Antibiotic,2026-02-21,29
Azithromycin 500mg,Antibiotic,2026-02-22,33
Azithromycin 500mg,Antibiotic,2026-02-23,29
Azithromycin 500mg,Antibiotic,2026-02-24,28
Azithromycin 500mg,Antibiotic,2026-02-25,30
Azithromycin 500mg,Antibiotic,2026-02-26,47
Azithromycin 500mg,Antibiotic,2026-02-27,43
Azithromycin 500mg,Antibiotic,2026-02-28,37
Azithromycin 500mg,Antibiotic,2026-03-01,26
Azithromycin 500mg,Antibiotic,2026-03-02,35
Azithromycin 500mg,Antibiotic,2026-03-03,52
Azithromycin 500mg,Antibiotic,2026-03-04,36
Azithromycin 500mg,Antibiotic,2026-03-05,56
Azithromycin 500mg,Antibiotic,2026-03-06,48
Azithromycin 500mg,Antibiotic,2026-03-07,58
Azithromycin 500mg,Antibiotic,2026-03-08,59
Azithromycin 500mg,Antibiotic,2026-03-09,60
Azithromycin 500mg,Antibiotic,2026-03-10,56
Azithromycin 500mg,Antibiotic,2026-03-11,56
Azithromycin 500mg,Antibiotic,2026-03-12,52
Azithromycin 500mg,Antibiotic,2026-03-13,59
Azithromycin 500mg,Antibiotic,2026-03-14,59
Azithromycin 500mg,Antibiotic,2026-03-15,43
Azithromycin 500mg,Antibiotic,2026-03-16,48
Azithromycin 500mg,Antibiotic,2026-03-17,47
Azithromycin 500mg,Antibiotic,2026-03-18,44
Azithromycin 500mg,Antibiotic,2026-03-19,41
Azithromycin 500mg,Antibiotic,2026-03-20,35
Azithromycin 500mg,Antibiotic,2026-03-21,37
Azithromycin 500mg,Antibiotic,2026-03-22,38
Azithromycin 500mg,Antibiotic,2026-03-23,33
Azithromycin 500mg,Antibiotic,2026-03-24,35
Azithromycin 500mg,Antibiotic,2026-03-25,39
Azithromycin 500mg,Antibiotic,2026-03-26,20
Azithromycin 500mg,Antibiotic,2026-03-27,40
Azithromycin 500mg,Antibiotic,2026-03-28,38
Azithromycin 500mg,Antibiotic,2026-03-29,30
Azithromycin 500mg,Antibiotic,2026-03-30,45
Azithromycin 500mg,Antibiotic,2026-03-31,40
Azithromycin 500mg,Antibiotic,2026-04-01,44
Azithromycin 500mg,Antibiotic,2026-04-02,45
Azithromycin 500mg,Antibiotic,2026-04-03,53
Azithromycin 500mg,Antibiotic,2026-04-04,48
Azithromycin 500mg,Antibiotic,2026-04-05,62
Azithromycin 500mg,Antibiotic,2026-04-06,56
Azithromycin 500mg,Antibiotic,2026-04-07,56
Azithromycin 500mg,Antibiotic,2026-04-08,64
Azithromycin 500mg,Antibiotic,2026-04-09,57
Azithromycin 500mg,Antibiotic,2026-04-10,65
Azithromycin 500mg,Antibiotic,2026-04-11,64
Azithromycin 500mg,Antibiotic,2026-04-12,46
Azithromycin 500mg,Antibiotic,2026-04-13,61
Azithromycin 500mg,Antibiotic,2026-04-14,41
Azithromycin 500mg,Antibiotic,2026-04-15,56
Azithromycin 500mg,Antibiotic,2026-04-16,59
Azithromycin 500mg,Antibiotic,2026-04-17,49
Azithromycin 500mg,Antibiotic,2026-04-18,25
Azithromycin 500mg,Antibiotic,2026-04-19,45
Azithromycin 500mg,Antibiotic,2026-04-20,51
Azithromycin 500mg,Antibiotic,2026-04-21,32
Azithromycin 500mg,Antibiotic,2026-04-22,32
Azithromycin 500mg,Antibiotic,2026-04-23,24
Azithromycin 500mg,Antibiotic,2026-04-24,34
Azithromycin 500mg,Antibiotic,2026-04-25,41
Azithromycin 500mg,Antibiotic,2026-04-26,38
Azithromycin 500mg,Antibiotic,2026-04-27,57
Azithromycin 500mg,Antibiotic,2026-04-28,38
Azithromycin 500mg,Antibiotic,2026-04-29,29
Azithromycin 500mg,Antibiotic,2026-04-30,44
Azithromycin 500mg,Antibiotic,2026-05-01,29
Azithromycin 500mg,Antibiotic,2026-05-02,45
Azithromycin 500mg,Antibiotic,2026-05-03,62
Azithromycin 500mg,Antibiotic,2026-05-04,56
Azithromycin 500mg,Antibiotic,2026-05-05,57
Azithromycin 500mg,Antibiotic,2026-05-06,70
Azithromycin 500mg,Antibiotic,2026-05-07,57
Azithromycin 500mg,Antibiotic,2026-05-08,68
Azithromycin 500mg,Antibiotic,2026-05-09,60
Azithromycin 500mg,Antibiotic,2026-05-10,61
Azithromycin 500mg,Antibiotic,2026-05-11,49
Azithromycin 500mg,Antibiotic,2026-05-12,52
Azithromycin 500mg,Antibiotic,2026-05-13,44
Azithromycin 500mg,Antibiotic,2026-05-14,50
Azithromycin 500mg,Antibiotic,2026-05-15,51
Azithromycin 500mg,Antibiotic,2026-05-16,38
Azithromycin 500mg,Antibiotic,2026-05-17,57
Azithromycin 500mg,Antibiotic,2026-05-18,42
Azithromycin 500mg,Antibiotic,2026-05-19,38
Azithromycin 500mg,Antibiotic,2026-05-20,41
Azithromycin 500mg,Antibiotic,2026-05-21,28
Azithromycin 500mg,Antibiotic,2026-05-22,34
Azithromycin 500mg,Antibiotic,2026-05-23,27
Azithromycin 500mg,Antibiotic,2026-05-24,43
Azithromycin 500mg,Antibiotic,2026-05-25,25
Azithromycin 500mg,Antibiotic,2026-05-26,34
Azithromycin 500mg,Antibiotic,2026-05-27,38
Azithromycin 500mg,Antibiotic,2026-05-28,40
Azithromycin 500mg,Antibiotic,2026-05-29,36
Azithromycin 500mg,Antibiotic,2026-05-30,36
Azithromycin 500mg,Antibiotic,2026-05-31,42
Azithromycin 500mg,Antibiotic,2026-06-01,52
Azithromycin 500mg,Antibiotic,2026-06-02,50
Azithromycin 500mg,Antibiotic,2026-06-03,59
Azithromycin 500mg,Antibiotic,2026-06-04,59
Azithromycin 500mg,Antibiotic,2026-06-05,42
Azithromycin 500mg,Antibiotic,2026-06-06,60
Azithromycin 500mg,Antibiotic,2026-06-07,75
Azithromycin 500mg,Antibiotic,2026-06-08,68
Azithromycin 500mg,Antibiotic,2026-06-09,61
Azithromycin 500mg,Antibiotic,2026-06-10,50
Azithromycin 500mg,Antibiotic,2026-06-11,59
Azithromycin 500mg,Antibiotic,2026-06-12,59
Azithromycin 500mg,Antibiotic,2026-06-13,49
Azithromycin 500mg,Antibiotic,2026-06-14,51
Azithromycin 500mg,Antibiotic,2026-06-15,56
Azithromycin 500mg,Antibiotic,2026-06-16,37
Azithromycin 500mg,Antibiotic,2026-06-17,33
Azithromycin 500mg,Antibiotic,2026-06-18,42
Azithromycin 500mg,Antibiotic,2026-06-19,38
Azithromycin 500mg,Antibiotic,2026-06-20,41
Azithromycin 500mg,Antibiotic,2026-06-21,36
Azithromycin 500mg,Antibiotic,2026-06-22,28
Azithromycin 500mg,Antibiotic,2026-06-23,35
Azithromycin 500mg,Antibiotic,2026-06-24,25
Azithromycin 500mg,Antibiotic,2026-06-25,32
Azithromycin 500mg,Antibiotic,2026-06-26,39
Azithromycin 500mg,Antibiotic,2026-06-27,35
Azithromycin 500mg,Antibiotic,2026-06-28,57
Azithromycin 500mg,Antibiotic,2026-06-29,30
Ibuprofen 400mg,Analgesic,2026-01-01,30
Ibuprofen 400mg,Analgesic,2026-01-02,32
Ibuprofen 400mg,Analgesic,2026-01-03,20
Ibuprofen 400mg,Analgesic,2026-01-04,27
Ibuprofen 400mg,Analgesic,2026-01-05,31
Ibuprofen 400mg,Analgesic,2026-01-06,19
Ibuprofen 400mg,Analgesic,2026-01-07,27
Ibuprofen 400mg,Analgesic,2026-01-08,26
Ibuprofen 400mg,Analgesic,2026-01-09,27
Ibuprofen 400mg,Analgesic,2026-01-10,23
Ibuprofen 400mg,Analgesic,2026-01-11,20
Ibuprofen 400mg,Analgesic,2026-01-12,18
Ibuprofen 400mg,Analgesic,2026-01-13,29
Ibuprofen 400mg,Analgesic,2026-01-14,30
Ibuprofen 400mg,Analgesic,2026-01-15,27
Ibuprofen 400mg,Analgesic,2026-01-16,23
Ibuprofen 400mg,Analgesic,2026-01-17,19
Ibuprofen 400mg,Analgesic,2026-01-18,28
Ibuprofen 400mg,Analgesic,2026-01-19,21
Ibuprofen 400mg,Analgesic,2026-01-20,23
Ibuprofen 400mg,Analgesic,2026-01-21,23
Ibuprofen 400mg,Analgesic,2026-01-22,25
Ibuprofen 400mg,Analgesic,2026-01-23,22
Ibuprofen 400mg,Analgesic,2026-01-24,25
Ibuprofen 400mg,Analgesic,2026-01-25,23
Ibuprofen 400mg,Analgesic,2026-01-26,28
Ibuprofen 400mg,Analgesic,2026-01-27,29
Ibuprofen 400mg,Analgesic,2026-01-28,26
Ibuprofen 400mg,Analgesic,2026-01-29,27
Ibuprofen 400mg,Analgesic,2026-01-30,34
Ibuprofen 400mg,Analgesic,2026-01-31,21
Ibuprofen 400mg,Analgesic,2026-02-01,21
Ibuprofen 400mg,Analgesic,2026-02-02,28
Ibuprofen 400mg,Analgesic,2026-02-03,33
Ibuprofen 400mg,Analgesic,2026-02-04,25
Ibuprofen 400mg,Analgesic,2026-02-05,32
Ibuprofen 400mg,Analgesic,2026-02-06,26
Ibuprofen 400mg,Analgesic,2026-02-07,23
Ibuprofen 400mg,Analgesic,2026-02-08,22
Ibuprofen 400mg,Analgesic,2026-02-09,28
Ibuprofen 400mg,Analgesic,2026-02-10,22
Ibuprofen 400mg,Analgesic,2026-02-11,26
Ibuprofen 400mg,Analgesic,2026-02-12,32
Ibuprofen 400mg,Analgesic,2026-02-13,24
Ibuprofen 400mg,Analgesic,2026-02-14,31
Ibuprofen 400mg,Analgesic,2026-02-15,21
Ibuprofen 400mg,Analgesic,2026-02-16,23
Ibuprofen 400mg,Analgesic,2026-02-17,20
Ibuprofen 400mg,Analgesic,2026-02-18,26
Ibuprofen 400mg,Analgesic,2026-02-19,28
Ibuprofen 400mg,Analgesic,2026-02-20,26
Ibuprofen 400mg,Analgesic,2026-02-21,30
Ibuprofen 400mg,Analgesic,2026-02-22,22
Ibuprofen 400mg,Analgesic,2026-02-23,26
Ibuprofen 400mg,Analgesic,2026-02-24,23
Ibuprofen 400mg,Analgesic,2026-02-25,27
Ibuprofen 400mg,Analgesic,2026-02-26,27
Ibuprofen 400mg,Analgesic,2026-02-27,28
Ibuprofen 400mg,Analgesic,2026-02-28,21
Ibuprofen 400mg,Analgesic,2026-03-01,22
Ibuprofen 400mg,Analgesic,2026-03-02,23
Ibuprofen 400mg,Analgesic,2026-03-03,25
Ibuprofen 400mg,Analgesic,2026-03-04,26
Ibuprofen 400mg,Analgesic,2026-03-05,28
Ibuprofen 400mg,Analgesic,2026-03-06,22
Ibuprofen 400mg,Analgesic,2026-03-07,19
Ibuprofen 400mg,Analgesic,2026-03-08,34
Ibuprofen 400mg,Analgesic,2026-03-09,21
Ibuprofen 400mg,Analgesic,2026-03-10,29
Ibuprofen 400mg,Analgesic,2026-03-11,26
Ibuprofen 400mg,Analgesic,2026-03-12,27
Ibuprofen 400mg,Analgesic,2026-03-13,26
Ibuprofen 400mg,Analgesic,2026-03-14,24
Ibuprofen 400mg,Analgesic,2026-03-15,27
Ibuprofen 400mg,Analgesic,2026-03-16,24
Ibuprofen 400mg,Analgesic,2026-03-17,30
Ibuprofen 400mg,Analgesic,2026-03-18,28
Ibuprofen 400mg,Analgesic,2026-03-19,28
Ibuprofen 400mg,Analgesic,2026-03-20,23
Ibuprofen 400mg,Analgesic,2026-03-21,24
Ibuprofen 400mg,Analgesic,2026-03-22,21
Ibuprofen 400mg,Analgesic,2026-03-23,24
Ibuprofen 400mg,Analgesic,2026-03-24,21
Ibuprofen 400mg,Analgesic,2026-03-25,30
Ibuprofen 400mg,Analgesic,2026-03-26,26
Ibuprofen 400mg,Analgesic,2026-03-27,26
Ibuprofen 400mg,Analgesic,2026-03-28,24
Ibuprofen 400mg,Analgesic,2026-03-29,26
Ibuprofen 400mg,Analgesic,2026-03-30,35
Ibuprofen 400mg,Analgesic,2026-03-31,24
Ibuprofen 400mg,Analgesic,2026-04-01,23
Ibuprofen 400mg,Analgesic,2026-04-02,28
Ibuprofen 400mg,Analgesic,2026-04-03,16
Ibuprofen 400mg,Analgesic,2026-04-04,26
Ibuprofen 400mg,Analgesic,2026-04-05,24
Ibuprofen 400mg,Analgesic,2026-04-06,22
Ibuprofen 400mg,Analgesic,2026-04-07,28
Ibuprofen 400mg,Analgesic,2026-04-08,26
Ibuprofen 400mg,Analgesic,2026-04-09,19
Ibuprofen 400mg,Analgesic,2026-04-10,23
Ibuprofen 400mg,Analgesic,2026-04-11,14
Ibuprofen 400mg,Analgesic,2026-04-12,27
Ibuprofen 400mg,Analgesic,2026-04-13,27
Ibuprofen 400mg,Analgesic,2026-04-14,22
Ibuprofen 400mg,Analgesic,2026-04-15,28
Ibuprofen 400mg,Analgesic,2026-04-16,20
Ibuprofen 400mg,Analgesic,2026-04-17,22
Ibuprofen 400mg,Analgesic,2026-04-18,27
Ibuprofen 400mg,Analgesic,2026-04-19,23
Ibuprofen 400mg,Analgesic,2026-04-20,25
Ibuprofen 400mg,Analgesic,2026-04-21,23
Ibuprofen 400mg,Analgesic,2026-04-22,24
Ibuprofen 400mg,Analgesic,2026-04-23,24
Ibuprofen 400mg,Analgesic,2026-04-24,23
Ibuprofen 400mg,Analgesic,2026-04-25,27
Ibuprofen 400mg,Analgesic,2026-04-26,23
Ibuprofen 400mg,Analgesic,2026-04-27,25
Ibuprofen 400mg,Analgesic,2026-04-28,23
Ibuprofen 400mg,Analgesic,2026-04-29,19
Ibuprofen 400mg,Analgesic,2026-04-30,29
Ibuprofen 400mg,Analgesic,2026-05-01,27
Ibuprofen 400mg,Analgesic,2026-05-02,34
Ibuprofen 400mg,Analgesic,2026-05-03,22
Ibuprofen 400mg,Analgesic,2026-05-04,25
Ibuprofen 400mg,Analgesic,2026-05-05,25
Ibuprofen 400mg,Analgesic,2026-05-06,30
Ibuprofen 400mg,Analgesic,2026-05-07,24
Ibuprofen 400mg,Analgesic,2026-05-08,21
Ibuprofen 400mg,Analgesic,2026-05-09,30
Ibuprofen 400mg,Analgesic,2026-05-10,24
Ibuprofen 400mg,Analgesic,2026-05-11,29
Ibuprofen 400mg,Analgesic,2026-05-12,29
Ibuprofen 400mg,Analgesic,2026-05-13,25
Ibuprofen 400mg,Analgesic,2026-05-14,25
Ibuprofen 400mg,Analgesic,2026-05-15,24
Ibuprofen 400mg,Analgesic,2026-05-16,25
Ibuprofen 400mg,Analgesic,2026-05-17,29
Ibuprofen 400mg,Analgesic,2026-05-18,22
Ibuprofen 400mg,Analgesic,2026-05-19,26
Ibuprofen 400mg,Analgesic,2026-05-20,21
Ibuprofen 400mg,Analgesic,2026-05-21,21
Ibuprofen 400mg,Analgesic,2026-05-22,25
Ibuprofen 400mg,Analgesic,2026-05-23,18
Ibuprofen 400mg,Analgesic,2026-05-24,33
Ibuprofen 400mg,Analgesic,2026-05-25,21
Ibuprofen 400mg,Analgesic,2026-05-26,25
Ibuprofen 400mg,Analgesic,2026-05-27,30
Ibuprofen 400mg,Analgesic,2026-05-28,22
Ibuprofen 400mg,Analgesic,2026-05-29,16
Ibuprofen 400mg,Analgesic,2026-05-30,24
Ibuprofen 400mg,Analgesic,2026-05-31,22
Ibuprofen 400mg,Analgesic,2026-06-01,17
Ibuprofen 400mg,Analgesic,2026-06-02,27
Ibuprofen 400mg,Analgesic,2026-06-03,26
Ibuprofen 400mg,Analgesic,2026-06-04,30
Ibuprofen 400mg,Analgesic,2026-06-05,21
Ibuprofen 400mg,Analgesic,2026-06-06,19
Ibuprofen 400mg,Analgesic,2026-06-07,24
Ibuprofen 400mg,Analgesic,2026-06-08,25
Ibuprofen 400mg,Analgesic,2026-06-09,29
Ibuprofen 400mg,Analgesic,2026-06-10,31
Ibuprofen 400mg,Analgesic,2026-06-11,30
Ibuprofen 400mg,Analgesic,2026-06-12,27
Ibuprofen 400mg,Analgesic,2026-06-13,29
Ibuprofen 400mg,Analgesic,2026-06-14,23
Ibuprofen 400mg,Analgesic,2026-06-15,26
Ibuprofen 400mg,Analgesic,2026-06-16,21
Ibuprofen 400mg,Analgesic,2026-06-17,26
Ibuprofen 400mg,Analgesic,2026-06-18,26
Ibuprofen 400mg,Analgesic,2026-06-19,32
Ibuprofen 400mg,Analgesic,2026-06-20,24
Ibuprofen 400mg,Analgesic,2026-06-21,26
Ibuprofen 400mg,Analgesic,2026-06-22,26
Ibuprofen 400mg,Analgesic,2026-06-23,24
Ibuprofen 400mg,Analgesic,2026-06-24,22
Ibuprofen 400mg,Analgesic,2026-06-25,30
Ibuprofen 400mg,Analgesic,2026-06-26,22
Ibuprofen 400mg,Analgesic,2026-06-27,20
Ibuprofen 400mg,Analgesic,2026-06-28,28
Ibuprofen 400mg,Analgesic,2026-06-29,30
Losartan 50mg,Antihypertensive,2026-01-01,37
Losartan 50mg,Antihypertensive,2026-01-02,22
Losartan 50mg,Antihypertensive,2026-01-03,29
Losartan 50mg,Antihypertensive,2026-01-04,33
Losartan 50mg,Antihypertensive,2026-01-05,39
Losartan 50mg,Antihypertensive,2026-01-06,35
Losartan 50mg,Antihypertensive,2026-01-07,31
Losartan 50mg,Antihypertensive,2026-01-08,38
Losartan 50mg,Antihypertensive,2026-01-09,34
Losartan 50mg,Antihypertensive,2026-01-10,34
Losartan 50mg,Antihypertensive,2026-01-11,34
Losartan 50mg,Antihypertensive,2026-01-12,37
Losartan 50mg,Antihypertensive,2026-01-13,32
Losartan 50mg,Antihypertensive,2026-01-14,36
Losartan 50mg,Antihypertensive,2026-01-15,32
Losartan 50mg,Antihypertensive,2026-01-16,26
Losartan 50mg,Antihypertensive,2026-01-17,31
Losartan 50mg,Antihypertensive,2026-01-18,25
Losartan 50mg,Antihypertensive,2026-01-19,30
Losartan 50mg,Antihypertensive,2026-01-20,33
Losartan 50mg,Antihypertensive,2026-01-21,23
Losartan 50mg,Antihypertensive,2026-01-22,30
Losartan 50mg,Antihypertensive,2026-01-23,24
Losartan 50mg,Antihypertensive,2026-01-24,29
Losartan 50mg,Antihypertensive,2026-01-25,32
Losartan 50mg,Antihypertensive,2026-01-26,18
Losartan 50mg,Antihypertensive,2026-01-27,24
Losartan 50mg,Antihypertensive,2026-01-28,28
Losartan 50mg,Antihypertensive,2026-01-29,32
Losartan 50mg,Antihypertensive,2026-01-30,30
Losartan 50mg,Antihypertensive,2026-01-31,31
Losartan 50mg,Antihypertensive,2026-02-01,42
Losartan 50mg,Antihypertensive,2026-02-02,27
Losartan 50mg,Antihypertensive,2026-02-03,39
Losartan 50mg,Antihypertensive,2026-02-04,32
Losartan 50mg,Antihypertensive,2026-02-05,37
Losartan 50mg,Antihypertensive,2026-02-06,45
Losartan 50mg,Antihypertensive,2026-02-07,38
Losartan 50mg,Antihypertensive,2026-02-08,37
Losartan 50mg,Antihypertensive,2026-02-09,42
Losartan 50mg,Antihypertensive,2026-02-10,40
Losartan 50mg,Antihypertensive,2026-02-11,30
Losartan 50mg,Antihypertensive,2026-02-12,35
Losartan 50mg,Antihypertensive,2026-02-13,25
Losartan 50mg,Antihypertensive,2026-02-14,30
Losartan 50mg,Antihypertensive,2026-02-15,33
Losartan 50mg,Antihypertensive,2026-02-16,28
Losartan 50mg,Antihypertensive,2026-02-17,31
Losartan 50mg,Antihypertensive,2026-02-18,29
Losartan 50mg,Antihypertensive,2026-02-19,32
Losartan 50mg,Antihypertensive,2026-02-20,27
Losartan 50mg,Antihypertensive,2026-02-21,24
Losartan 50mg,Antihypertensive,2026-02-22,35
Losartan 50mg,Antihypertensive,2026-02-23,26
Losartan 50mg,Antihypertensive,2026-02-24,31
Losartan 50mg,Antihypertensive,2026-02-25,35
Losartan 50mg,Antihypertensive,2026-02-26,30
Losartan 50mg,Antihypertensive,2026-02-27,25
Losartan 50mg,Antihypertensive,2026-02-28,29
Losartan 50mg,Antihypertensive,2026-03-01,36
Losartan 50mg,Antihypertensive,2026-03-02,32
Losartan 50mg,Antihypertensive,2026-03-03,26
Losartan 50mg,Antihypertensive,2026-03-04,36
Losartan 50mg,Antihypertensive,2026-03-05,37
Losartan 50mg,Antihypertensive,2026-03-06,32
Losartan 50mg,Antihypertensive,2026-03-07,37
Losartan 50mg,Antihypertensive,2026-03-08,36
Losartan 50mg,Antihypertensive,2026-03-09,34
Losartan 50mg,Antihypertensive,2026-03-10,29
Losartan 50mg,Antihypertensive,2026-03-11,40
Losartan 50mg,Antihypertensive,2026-03-12,38
Losartan 50mg,Antihypertensive,2026-03-13,37
Losartan 50mg,Antihypertensive,2026-03-14,41
Losartan 50mg,Antihypertensive,2026-03-15,37
Losartan 50mg,Antihypertensive,2026-03-16,36
Losartan 50mg,Antihypertensive,2026-03-17,21
Losartan 50mg,Antihypertensive,2026-03-18,37
Losartan 50mg,Antihypertensive,2026-03-19,31
Losartan 50mg,Antihypertensive,2026-03-20,31
Losartan 50mg,Antihypertensive,2026-03-21,31
Losartan 50mg,Antihypertensive,2026-03-22,32
Losartan 50mg,Antihypertensive,2026-03-23,34
Losartan 50mg,Antihypertensive,2026-03-24,31
Losartan 50mg,Antihypertensive,2026-03-25,30
Losartan 50mg,Antihypertensive,2026-03-26,29
Losartan 50mg,Antihypertensive,2026-03-27,12
Losartan 50mg,Antihypertensive,2026-03-28,28
Losartan 50mg,Antihypertensive,2026-03-29,25
Losartan 50mg,Antihypertensive,2026-03-30,36
Losartan 50mg,Antihypertensive,2026-03-31,34
Losartan 50mg,Antihypertensive,2026-04-01,29
Losartan 50mg,Antihypertensive,2026-04-02,30
Losartan 50mg,Antihypertensive,2026-04-03,31
Losartan 50mg,Antihypertensive,2026-04-04,32
Losartan 50mg,Antihypertensive,2026-04-05,27
Losartan 50mg,Antihypertensive,2026-04-06,26
Losartan 50mg,Antihypertensive,2026-04-07,35
Losartan 50mg,Antihypertensive,2026-04-08,40
Losartan 50mg,Antihypertensive,2026-04-09,32
Losartan 50mg,Antihypertensive,2026-04-10,36
Losartan 50mg,Antihypertensive,2026-04-11,38
Losartan 50mg,Antihypertensive,2026-04-12,29
Losartan 50mg,Antihypertensive,2026-04-13,33
Losartan 50mg,Antihypertensive,2026-04-14,30
Losartan 50mg,Antihypertensive,2026-04-15,40
Losartan 50mg,Antihypertensive,2026-04-16,39
Losartan 50mg,Antihypertensive,2026-04-17,26
Losartan 50mg,Antihypertensive,2026-04-18,32
Losartan 50mg,Antihypertensive,2026-04-19,35
Losartan 50mg,Antihypertensive,2026-04-20,33
Losartan 50mg,Antihypertensive,2026-04-21,29
Losartan 50mg,Antihypertensive,2026-04-22,35
Losartan 50mg,Antihypertensive,2026-04-23,24
Losartan 50mg,Antihypertensive,2026-04-24,27
Losartan 50mg,Antihypertensive,2026-04-25,24
Losartan 50mg,Antihypertensive,2026-04-26,32
Losartan 50mg,Antihypertensive,2026-04-27,26
Losartan 50mg,Antihypertensive,2026-04-28,29
Losartan 50mg,Antihypertensive,2026-04-29,33
Losartan 50mg,Antihypertensive,2026-04-30,34
Losartan 50mg,Antihypertensive,2026-05-01,27
Losartan 50mg,Antihypertensive,2026-05-02,37
Losartan 50mg,Antihypertensive,2026-05-03,35
Losartan 50mg,Antihypertensive,2026-05-04,28
Losartan 50mg,Antihypertensive,2026-05-05,28
Losartan 50mg,Antihypertensive,2026-05-06,34
Losartan 50mg,Antihypertensive,2026-05-07,39
Losartan 50mg,Antihypertensive,2026-05-08,39
Losartan 50mg,Antihypertensive,2026-05-09,37
Losartan 50mg,Antihypertensive,2026-05-10,35
Losartan 50mg,Antihypertensive,2026-05-11,37
Losartan 50mg,Antihypertensive,2026-05-12,30
Losartan 50mg,Antihypertensive,2026-05-13,42
Losartan 50mg,Antihypertensive,2026-05-14,41
Losartan 50mg,Antihypertensive,2026-05-15,34
Losartan 50mg,Antihypertensive,2026-05-16,32
Losartan 50mg,Antihypertensive,2026-05-17,29
Losartan 50mg,Antihypertensive,2026-05-18,33
Losartan 50mg,Antihypertensive,2026-05-19,26
Losartan 50mg,Antihypertensive,2026-05-20,18
Losartan 50mg,Antihypertensive,2026-05-21,16
Losartan 50mg,Antihypertensive,2026-05-22,24
Losartan 50mg,Antihypertensive,2026-05-23,29
Losartan 50mg,Antihypertensive,2026-05-24,30
Losartan 50mg,Antihypertensive,2026-05-25,26
Losartan 50mg,Antihypertensive,2026-05-26,29
Losartan 50mg,Antihypertensive,2026-05-27,28
Losartan 50mg,Antihypertensive,2026-05-28,25
Losartan 50mg,Antihypertensive,2026-05-29,30
Losartan 50mg,Antihypertensive,2026-05-30,35
Losartan 50mg,Antihypertensive,2026-05-31,27
Losartan 50mg,Antihypertensive,2026-06-01,28
Losartan 50mg,Antihypertensive,2026-06-02,28
Losartan 50mg,Antihypertensive,2026-06-03,24
Losartan 50mg,Antihypertensive,2026-06-04,32
Losartan 50mg,Antihypertensive,2026-06-05,38
Losartan 50mg,Antihypertensive,2026-06-06,36
Losartan 50mg,Antihypertensive,2026-06-07,34
Losartan 50mg,Antihypertensive,2026-06-08,36
Losartan 50mg,Antihypertensive,2026-06-09,32
Losartan 50mg,Antihypertensive,2026-06-10,25
Losartan 50mg,Antihypertensive,2026-06-11,38
Losartan 50mg,Antihypertensive,2026-06-12,39
Losartan 50mg,Antihypertensive,2026-06-13,29
Losartan 50mg,Antihypertensive,2026-06-14,31
Losartan 50mg,Antihypertensive,2026-06-15,30
Losartan 50mg,Antihypertensive,2026-06-16,32
Losartan 50mg,Antihypertensive,2026-06-17,38
Losartan 50mg,Antihypertensive,2026-06-18,35
Losartan 50mg,Antihypertensive,2026-06-19,27
Losartan 50mg,Antihypertensive,2026-06-20,31
Losartan 50mg,Antihypertensive,2026-06-21,34
Losartan 50mg,Antihypertensive,2026-06-22,30
Losartan 50mg,Antihypertensive,2026-06-23,28
Losartan 50mg,Antihypertensive,2026-06-24,30
Losartan 50mg,Antihypertensive,2026-06-25,25
Losartan 50mg,Antihypertensive,2026-06-26,26
Losartan 50mg,Antihypertensive,2026-06-27,24
Losartan 50mg,Antihypertensive,2026-06-28,32
Losartan 50mg,Antihypertensive,2026-06-29,30
Insulin Glargine,Antidiabetic,2026-01-01,14
Insulin Glargine,Antidiabetic,2026-01-02,14
Insulin Glargine,Antidiabetic,2026-01-03,17
Insulin Glargine,Antidiabetic,2026-01-04,19
Insulin Glargine,Antidiabetic,2026-01-05,14
Insulin Glargine,Antidiabetic,2026-01-06,17
Insulin Glargine,Antidiabetic,2026-01-07,18
Insulin Glargine,Antidiabetic,2026-01-08,19
Insulin Glargine,Antidiabetic,2026-01-09,18
Insulin Glargine,Antidiabetic,2026-01-10,16
Insulin Glargine,Antidiabetic,2026-01-11,15
Insulin Glargine,Antidiabetic,2026-01-12,17
Insulin Glargine,Antidiabetic,2026-01-13,14
Insulin Glargine,Antidiabetic,2026-01-14,9
Insulin Glargine,Antidiabetic,2026-01-15,17
Insulin Glargine,Antidiabetic,2026-01-16,18
Insulin Glargine,Antidiabetic,2026-01-17,9
Insulin Glargine,Antidiabetic,2026-01-18,12
Insulin Glargine,Antidiabetic,2026-01-19,16
Insulin Glargine,Antidiabetic,2026-01-20,19
Insulin Glargine,Antidiabetic,2026-01-21,14
Insulin Glargine,Antidiabetic,2026-01-22,12
Insulin Glargine,Antidiabetic,2026-01-23,13
Insulin Glargine,Antidiabetic,2026-01-24,17
Insulin Glargine,Antidiabetic,2026-01-25,12
Insulin Glargine,Antidiabetic,2026-01-26,12
Insulin Glargine,Antidiabetic,2026-01-27,13
Insulin Glargine,Antidiabetic,2026-01-28,12
Insulin Glargine,Antidiabetic,2026-01-29,15
Insulin Glargine,Antidiabetic,2026-01-30,19
Insulin Glargine,Antidiabetic,2026-01-31,16
Insulin Glargine,Antidiabetic,2026-02-01,15
Insulin Glargine,Antidiabetic,2026-02-02,15
Insulin Glargine,Antidiabetic,2026-02-03,13
Insulin Glargine,Antidiabetic,2026-02-04,19
Insulin Glargine,Antidiabetic,2026-02-05,17
Insulin Glargine,Antidiabetic,2026-02-06,17
Insulin Glargine,Antidiabetic,2026-02-07,25
Insulin Glargine,Antidiabetic,2026-02-08,18
Insulin Glargine,Antidiabetic,2026-02-09,15
Insulin Glargine,Antidiabetic,2026-02-10,16
Insulin Glargine,Antidiabetic,2026-02-11,20
Insulin Glargine,Antidiabetic,2026-02-12,17
Insulin Glargine,Antidiabetic,2026-02-13,13
Insulin Glargine,Antidiabetic,2026-02-14,18
Insulin Glargine,Antidiabetic,2026-02-15,14
Insulin Glargine,Antidiabetic,2026-02-16,20
Insulin Glargine,Antidiabetic,2026-02-17,17
Insulin Glargine,Antidiabetic,2026-02-18,13
Insulin Glargine,Antidiabetic,2026-02-19,17
Insulin Glargine,Antidiabetic,2026-02-20,14
Insulin Glargine,Antidiabetic,2026-02-21,16
Insulin Glargine,Antidiabetic,2026-02-22,15
Insulin Glargine,Antidiabetic,2026-02-23,12
Insulin Glargine,Antidiabetic,2026-02-24,12
Insulin Glargine,Antidiabetic,2026-02-25,17
Insulin Glargine,Antidiabetic,2026-02-26,13
Insulin Glargine,Antidiabetic,2026-02-27,14
Insulin Glargine,Antidiabetic,2026-02-28,13
Insulin Glargine,Antidiabetic,2026-03-01,16
Insulin Glargine,Antidiabetic,2026-03-02,20
Insulin Glargine,Antidiabetic,2026-03-03,13
Insulin Glargine,Antidiabetic,2026-03-04,16
Insulin Glargine,Antidiabetic,2026-03-05,20
Insulin Glargine,Antidiabetic,2026-03-06,17
Insulin Glargine,Antidiabetic,2026-03-07,18
Insulin Glargine,Antidiabetic,2026-03-08,15
Insulin Glargine,Antidiabetic,2026-03-09,18
Insulin Glargine,Antidiabetic,2026-03-10,17
Insulin Glargine,Antidiabetic,2026-03-11,19
Insulin Glargine,Antidiabetic,2026-03-12,20
Insulin Glargine,Antidiabetic,2026-03-13,23
Insulin Glargine,Antidiabetic,2026-03-14,18
Insulin Glargine,Antidiabetic,2026-03-15,17
Insulin Glargine,Antidiabetic,2026-03-16,16
Insulin Glargine,Antidiabetic,2026-03-17,15
Insulin Glargine,Antidiabetic,2026-03-18,16
Insulin Glargine,Antidiabetic,2026-03-19,14
Insulin Glargine,Antidiabetic,2026-03-20,15
Insulin Glargine,Antidiabetic,2026-03-21,17
Insulin Glargine,Antidiabetic,2026-03-22,12
Insulin Glargine,Antidiabetic,2026-03-23,17
Insulin Glargine,Antidiabetic,2026-03-24,17
Insulin Glargine,Antidiabetic,2026-03-25,14
Insulin Glargine,Antidiabetic,2026-03-26,9
Insulin Glargine,Antidiabetic,2026-03-27,13
Insulin Glargine,Antidiabetic,2026-03-28,17
Insulin Glargine,Antidiabetic,2026-03-29,14
Insulin Glargine,Antidiabetic,2026-03-30,12
Insulin Glargine,Antidiabetic,2026-03-31,14
Insulin Glargine,Antidiabetic,2026-04-01,18
Insulin Glargine,Antidiabetic,2026-04-02,17
Insulin Glargine,Antidiabetic,2026-04-03,16
Insulin Glargine,Antidiabetic,2026-04-04,16
Insulin Glargine,Antidiabetic,2026-04-05,16
Insulin Glargine,Antidiabetic,2026-04-06,15
Insulin Glargine,Antidiabetic,2026-04-07,21
Insulin Glargine,Antidiabetic,2026-04-08,16
Insulin Glargine,Antidiabetic,2026-04-09,20
Insulin Glargine,Antidiabetic,2026-04-10,21
Insulin Glargine,Antidiabetic,2026-04-11,19
Insulin Glargine,Antidiabetic,2026-04-12,16
Insulin Glargine,Antidiabetic,2026-04-13,17
Insulin Glargine,Antidiabetic,2026-04-14,16
Insulin Glargine,Antidiabetic,2026-04-15,14
Insulin Glargine,Antidiabetic,2026-04-16,16
Insulin Glargine,Antidiabetic,2026-04-17,12
Insulin Glargine,Antidiabetic,2026-04-18,18
Insulin Glargine,Antidiabetic,2026-04-19,13
Insulin Glargine,Antidiabetic,2026-04-20,15
Insulin Glargine,Antidiabetic,2026-04-21,15
Insulin Glargine,Antidiabetic,2026-04-22,13
Insulin Glargine,Antidiabetic,2026-04-23,15
Insulin Glargine,Antidiabetic,2026-04-24,13
Insulin Glargine,Antidiabetic,2026-04-25,16
Insulin Glargine,Antidiabetic,2026-04-26,11
Insulin Glargine,Antidiabetic,2026-04-27,15
Insulin Glargine,Antidiabetic,2026-04-28,19
Insulin Glargine,Antidiabetic,2026-04-29,12
Insulin Glargine,Antidiabetic,2026-04-30,14
Insulin Glargine,Antidiabetic,2026-05-01,17
Insulin Glargine,Antidiabetic,2026-05-02,16
Insulin Glargine,Antidiabetic,2026-05-03,17
Insulin Glargine,Antidiabetic,2026-05-04,18
Insulin Glargine,Antidiabetic,2026-05-05,18
Insulin Glargine,Antidiabetic,2026-05-06,20
Insulin Glargine,Antidiabetic,2026-05-07,18
Insulin Glargine,Antidiabetic,2026-05-08,17
Insulin Glargine,Antidiabetic,2026-05-09,19
Insulin Glargine,Antidiabetic,2026-05-10,22
Insulin Glargine,Antidiabetic,2026-05-11,17
Insulin Glargine,Antidiabetic,2026-05-12,14
Insulin Glargine,Antidiabetic,2026-05-13,19
Insulin Glargine,Antidiabetic,2026-05-14,16
Insulin Glargine,Antidiabetic,2026-05-15,11
Insulin Glargine,Antidiabetic,2026-05-16,18
Insulin Glargine,Antidiabetic,2026-05-17,14
Insulin Glargine,Antidiabetic,2026-05-18,15
Insulin Glargine,Antidiabetic,2026-05-19,15
Insulin Glargine,Antidiabetic,2026-05-20,15
Insulin Glargine,Antidiabetic,2026-05-21,16
Insulin Glargine,Antidiabetic,2026-05-22,13
Insulin Glargine,Antidiabetic,2026-05-23,15
Insulin Glargine,Antidiabetic,2026-05-24,13
Insulin Glargine,Antidiabetic,2026-05-25,16
Insulin Glargine,Antidiabetic,2026-05-26,16
Insulin Glargine,Antidiabetic,2026-05-27,12
Insulin Glargine,Antidiabetic,2026-05-28,17
Insulin Glargine,Antidiabetic,2026-05-29,14
Insulin Glargine,Antidiabetic,2026-05-30,17
Insulin Glargine,Antidiabetic,2026-05-31,16
Insulin Glargine,Antidiabetic,2026-06-01,20
Insulin Glargine,Antidiabetic,2026-06-02,16
Insulin Glargine,Antidiabetic,2026-06-03,16
Insulin Glargine,Antidiabetic,2026-06-04,17
Insulin Glargine,Antidiabetic,2026-06-05,16
Insulin Glargine,Antidiabetic,2026-06-06,19
Insulin Glargine,Antidiabetic,2026-06-07,13
Insulin Glargine,Antidiabetic,2026-06-08,15
Insulin Glargine,Antidiabetic,2026-06-09,15
Insulin Glargine,Antidiabetic,2026-06-10,19
Insulin Glargine,Antidiabetic,2026-06-11,21
Insulin Glargine,Antidiabetic,2026-06-12,16
Insulin Glargine,Antidiabetic,2026-06-13,16
Insulin Glargine,Antidiabetic,2026-06-14,16
Insulin Glargine,Antidiabetic,2026-06-15,18
Insulin Glargine,Antidiabetic,2026-06-16,13
Insulin Glargine,Antidiabetic,2026-06-17,15
Insulin Glargine,Antidiabetic,2026-06-18,17
Insulin Glargine,Antidiabetic,2026-06-19,15
Insulin Glargine,Antidiabetic,2026-06-20,15
Insulin Glargine,Antidiabetic,2026-06-21,16
Insulin Glargine,Antidiabetic,2026-06-22,7
Insulin Glargine,Antidiabetic,2026-06-23,15
Insulin Glargine,Antidiabetic,2026-06-24,12
Insulin Glargine,Antidiabetic,2026-06-25,10
Insulin Glargine,Antidiabetic,2026-06-26,15
Insulin Glargine,Antidiabetic,2026-06-27,18
Insulin Glargine,Antidiabetic,2026-06-28,14
Insulin Glargine,Antidiabetic,2026-06-29,17
Aspirin 75mg,Blood Thinner,2026-01-01,53
Aspirin 75mg,Blood Thinner,2026-01-02,44
Aspirin 75mg,Blood Thinner,2026-01-03,58
Aspirin 75mg,Blood Thinner,2026-01-04,58
Aspirin 75mg,Blood Thinner,2026-01-05,50
Aspirin 75mg,Blood Thinner,2026-01-06,51
Aspirin 75mg,Blood Thinner,2026-01-07,49
Aspirin 75mg,Blood Thinner,2026-01-08,50
Aspirin 75mg,Blood Thinner,2026-01-09,58
Aspirin 75mg,Blood Thinner,2026-01-10,55
Aspirin 75mg,Blood Thinner,2026-01-11,50
Aspirin 75mg,Blood Thinner,2026-01-12,43
Aspirin 75mg,Blood Thinner,2026-01-13,52
Aspirin 75mg,Blood Thinner,2026-01-14,45
Aspirin 75mg,Blood Thinner,2026-01-15,45
Aspirin 75mg,Blood Thinner,2026-01-16,46
Aspirin 75mg,Blood Thinner,2026-01-17,24
Aspirin 75mg,Blood Thinner,2026-01-18,28
Aspirin 75mg,Blood Thinner,2026-01-19,51
Aspirin 75mg,Blood Thinner,2026-01-20,31
Aspirin 75mg,Blood Thinner,2026-01-21,16
Aspirin 75mg,Blood Thinner,2026-01-22,22
Aspirin 75mg,Blood Thinner,2026-01-23,47
Aspirin 75mg,Blood Thinner,2026-01-24,26
Aspirin 75mg,Blood Thinner,2026-01-25,39
Aspirin 75mg,Blood Thinner,2026-01-26,33
Aspirin 75mg,Blood Thinner,2026-01-27,31
Aspirin 75mg,Blood Thinner,2026-01-28,41
Aspirin 75mg,Blood Thinner,2026-01-29,23
Aspirin 75mg,Blood Thinner,2026-01-30,31
Aspirin 75mg,Blood Thinner,2026-01-31,40
Aspirin 75mg,Blood Thinner,2026-02-01,37
Aspirin 75mg,Blood Thinner,2026-02-02,45
Aspirin 75mg,Blood Thinner,2026-02-03,56
Aspirin 75mg,Blood Thinner,2026-02-04,54
Aspirin 75mg,Blood Thinner,2026-02-05,63
Aspirin 75mg,Blood Thinner,2026-02-06,57
Aspirin 75mg,Blood Thinner,2026-02-07,62
Aspirin 75mg,Blood Thinner,2026-02-08,56
Aspirin 75mg,Blood Thinner,2026-02-09,52
Aspirin 75mg,Blood Thinner,2026-02-10,64
Aspirin 75mg,Blood Thinner,2026-02-11,48
Aspirin 75mg,Blood Thinner,2026-02-12,53
Aspirin 75mg,Blood Thinner,2026-02-13,54
Aspirin 75mg,Blood Thinner,2026-02-14,52
Aspirin 75mg,Blood Thinner,2026-02-15,36
Aspirin 75mg,Blood Thinner,2026-02-16,48
Aspirin 75mg,Blood Thinner,2026-02-17,32
Aspirin 75mg,Blood Thinner,2026-02-18,41
Aspirin 75mg,Blood Thinner,2026-02-19,38
Aspirin 75mg,Blood Thinner,2026-02-20,38
Aspirin 75mg,Blood Thinner,2026-02-21,24
Aspirin 75mg,Blood Thinner,2026-02-22,35
Aspirin 75mg,Blood Thinner,2026-02-23,38
Aspirin 75mg,Blood Thinner,2026-02-24,33
Aspirin 75mg,Blood Thinner,2026-02-25,27
Aspirin 75mg,Blood Thinner,2026-02-26,40
Aspirin 75mg,Blood Thinner,2026-02-27,37
Aspirin 75mg,Blood Thinner,2026-02-28,27
Aspirin 75mg,Blood Thinner,2026-03-01,35
Aspirin 75mg,Blood Thinner,2026-03-02,40
Aspirin 75mg,Blood Thinner,2026-03-03,56
Aspirin 75mg,Blood Thinner,2026-03-04,57
Aspirin 75mg,Blood Thinner,2026-03-05,60
Aspirin 75mg,Blood Thinner,2026-03-06,54
Aspirin 75mg,Blood Thinner,2026-03-07,60
Aspirin 75mg,Blood Thinner,2026-03-08,48
Aspirin 75mg,Blood Thinner,2026-03-09,56
Aspirin 75mg,Blood Thinner,2026-03-10,59
Aspirin 75mg,Blood Thinner,2026-03-11,48
Aspirin 75mg,Blood Thinner,2026-03-12,56
Aspirin 75mg,Blood Thinner,2026-03-13,64
Aspirin 75mg,Blood Thinner,2026-03-14,55
Aspirin 75mg,Blood Thinner,2026-03-15,55
Aspirin 75mg,Blood Thinner,2026-03-16,30
Aspirin 75mg,Blood Thinner,2026-03-17,54
Aspirin 75mg,Blood Thinner,2026-03-18,40
Aspirin 75mg,Blood Thinner,2026-03-19,33
Aspirin 75mg,Blood Thinner,2026-03-20,35
Aspirin 75mg,Blood Thinner,2026-03-21,24
Aspirin 75mg,Blood Thinner,2026-03-22,40
Aspirin 75mg,Blood Thinner,2026-03-23,29
Aspirin 75mg,Blood Thinner,2026-03-24,26
Aspirin 75mg,Blood Thinner,2026-03-25,30
Aspirin 75mg,Blood Thinner,2026-03-26,39
Aspirin 75mg,Blood Thinner,2026-03-27,34
Aspirin 75mg,Blood Thinner,2026-03-28,25
Aspirin 75mg,Blood Thinner,2026-03-29,39
Aspirin 75mg,Blood Thinner,2026-03-30,32
Aspirin 75mg,Blood Thinner,2026-03-31,27
Aspirin 75mg,Blood Thinner,2026-04-01,53
Aspirin 75mg,Blood Thinner,2026-04-02,49
Aspirin 75mg,Blood Thinner,2026-04-03,48
Aspirin 75mg,Blood Thinner,2026-04-04,49
Aspirin 75mg,Blood Thinner,2026-04-05,62
Aspirin 75mg,Blood Thinner,2026-04-06,75
Aspirin 75mg,Blood Thinner,2026-04-07,58
Aspirin 75mg,Blood Thinner,2026-04-08,49
Aspirin 75mg,Blood Thinner,2026-04-09,55
Aspirin 75mg,Blood Thinner,2026-04-10,58
Aspirin 75mg,Blood Thinner,2026-04-11,39
Aspirin 75mg,Blood Thinner,2026-04-12,55
Aspirin 75mg,Blood Thinner,2026-04-13,54
Aspirin 75mg,Blood Thinner,2026-04-14,57
Aspirin 75mg,Blood Thinner,2026-04-15,54
Aspirin 75mg,Blood Thinner,2026-04-16,44
Aspirin 75mg,Blood Thinner,2026-04-17,51
Aspirin 75mg,Blood Thinner,2026-04-18,52
Aspirin 75mg,Blood Thinner,2026-04-19,36
Aspirin 75mg,Blood Thinner,2026-04-20,37
Aspirin 75mg,Blood Thinner,2026-04-21,21
Aspirin 75mg,Blood Thinner,2026-04-22,22
Aspirin 75mg,Blood Thinner,2026-04-23,26
Aspirin 75mg,Blood Thinner,2026-04-24,28
Aspirin 75mg,Blood Thinner,2026-04-25,24
Aspirin 75mg,Blood Thinner,2026-04-26,32
Aspirin 75mg,Blood Thinner,2026-04-27,31
Aspirin 75mg,Blood Thinner,2026-04-28,43
Aspirin 75mg,Blood Thinner,2026-04-29,35
Aspirin 75mg,Blood Thinner,2026-04-30,26
Aspirin 75mg,Blood Thinner,2026-05-01,44
Aspirin 75mg,Blood Thinner,2026-05-02,46
Aspirin 75mg,Blood Thinner,2026-05-03,43
Aspirin 75mg,Blood Thinner,2026-05-04,51
Aspirin 75mg,Blood Thinner,2026-05-05,46
Aspirin 75mg,Blood Thinner,2026-05-06,57
Aspirin 75mg,Blood Thinner,2026-05-07,73
Aspirin 75mg,Blood Thinner,2026-05-08,44
Aspirin 75mg,Blood Thinner,2026-05-09,53
Aspirin 75mg,Blood Thinner,2026-05-10,51
Aspirin 75mg,Blood Thinner,2026-05-11,51
Aspirin 75mg,Blood Thinner,2026-05-12,60
Aspirin 75mg,Blood Thinner,2026-05-13,54
Aspirin 75mg,Blood Thinner,2026-05-14,54
Aspirin 75mg,Blood Thinner,2026-05-15,46
Aspirin 75mg,Blood Thinner,2026-05-16,35
Aspirin 75mg,Blood Thinner,2026-05-17,34
Aspirin 75mg,Blood Thinner,2026-05-18,43
Aspirin 75mg,Blood Thinner,2026-05-19,37
Aspirin 75mg,Blood Thinner,2026-05-20,43
Aspirin 75mg,Blood Thinner,2026-05-21,35
Aspirin 75mg,Blood Thinner,2026-05-22,24
Aspirin 75mg,Blood Thinner,2026-05-23,28
Aspirin 75mg,Blood Thinner,2026-05-24,35
Aspirin 75mg,Blood Thinner,2026-05-25,36
Aspirin 75mg,Blood Thinner,2026-05-26,38
Aspirin 75mg,Blood Thinner,2026-05-27,27
Aspirin 75mg,Blood Thinner,2026-05-28,28
Aspirin 75mg,Blood Thinner,2026-05-29,37
Aspirin 75mg,Blood Thinner,2026-05-30,50
Aspirin 75mg,Blood Thinner,2026-05-31,39
Aspirin 75mg,Blood Thinner,2026-06-01,49
Aspirin 75mg,Blood Thinner,2026-06-02,52
Aspirin 75mg,Blood Thinner,2026-06-03,56
Aspirin 75mg,Blood Thinner,2026-06-04,64
Aspirin 75mg,Blood Thinner,2026-06-05,65
Aspirin 75mg,Blood Thinner,2026-06-06,51
Aspirin 75mg,Blood Thinner,2026-06-07,42
Aspirin 75mg,Blood Thinner,2026-06-08,51
Aspirin 75mg,Blood Thinner,2026-06-09,56
Aspirin 75mg,Blood Thinner,2026-06-10,52
Aspirin 75mg,Blood Thinner,2026-06-11,66
Aspirin 75mg,Blood Thinner,2026-06-12,51
Aspirin 75mg,Blood Thinner,2026-06-13,53
Aspirin 75mg,Blood Thinner,2026-06-14,48
Aspirin 75mg,Blood Thinner,2026-06-15,41
Aspirin 75mg,Blood Thinner,2026-06-16,28
Aspirin 75mg,Blood Thinner,2026-06-17,38
Aspirin 75mg,Blood Thinner,2026-06-18,58
Aspirin 75mg,Blood Thinner,2026-06-19,26
Aspirin 75mg,Blood Thinner,2026-06-20,21
Aspirin 75mg,Blood Thinner,2026-06-21,44
Aspirin 75mg,Blood Thinner,2026-06-22,36
Aspirin 75mg,Blood Thinner,2026-06-23,32
Aspirin 75mg,Blood Thinner,2026-06-24,41
Aspirin 75mg,Blood Thinner,2026-06-25,27
Aspirin 75mg,Blood Thinner,2026-06-26,33
Aspirin 75mg,Blood Thinner,2026-06-27,42
Aspirin 75mg,Blood Thinner,2026-06-28,52
Aspirin 75mg,Blood Thinner,2026-06-29,33
Vitamin D3,Supplement,2026-01-01,59
Vitamin D3,Supplement,2026-01-02,51
Vitamin D3,Supplement,2026-01-03,53
Vitamin D3,Supplement,2026-01-04,63
Vitamin D3,Supplement,2026-01-05,75
Vitamin D3,Supplement,2026-01-06,60
Vitamin D3,Supplement,2026-01-07,74
Vitamin D3,Supplement,2026-01-08,57
Vitamin D3,Supplement,2026-01-09,67
Vitamin D3,Supplement,2026-01-10,67
Vitamin D3,Supplement,2026-01-11,55
Vitamin D3,Supplement,2026-01-12,51
Vitamin D3,Supplement,2026-01-13,64
Vitamin D3,Supplement,2026-01-14,50
Vitamin D3,Supplement,2026-01-15,45
Vitamin D3,Supplement,2026-01-16,45
Vitamin D3,Supplement,2026-01-17,45
Vitamin D3,Supplement,2026-01-18,53
Vitamin D3,Supplement,2026-01-19,49
Vitamin D3,Supplement,2026-01-20,49
Vitamin D3,Supplement,2026-01-21,46
Vitamin D3,Supplement,2026-01-22,38
Vitamin D3,Supplement,2026-01-23,47
Vitamin D3,Supplement,2026-01-24,51
Vitamin D3,Supplement,2026-01-25,47
Vitamin D3,Supplement,2026-01-26,46
Vitamin D3,Supplement,2026-01-27,38
Vitamin D3,Supplement,2026-01-28,47
Vitamin D3,Supplement,2026-01-29,41
Vitamin D3,Supplement,2026-01-30,48
Vitamin D3,Supplement,2026-01-31,38
Vitamin D3,Supplement,2026-02-01,40
Vitamin D3,Supplement,2026-02-02,53
Vitamin D3,Supplement,2026-02-03,51
Vitamin D3,Supplement,2026-02-04,58
Vitamin D3,Supplement,2026-02-05,57
Vitamin D3,Supplement,2026-02-06,59
Vitamin D3,Supplement,2026-02-07,64
Vitamin D3,Supplement,2026-02-08,56
Vitamin D3,Supplement,2026-02-09,57
Vitamin D3,Supplement,2026-02-10,69
Vitamin D3,Supplement,2026-02-11,57
Vitamin D3,Supplement,2026-02-12,54
Vitamin D3,Supplement,2026-02-13,55
Vitamin D3,Supplement,2026-02-14,51
Vitamin D3,Supplement,2026-02-15,45
Vitamin D3,Supplement,2026-02-16,41
Vitamin D3,Supplement,2026-02-17,41
Vitamin D3,Supplement,2026-02-18,52
Vitamin D3,Supplement,2026-02-19,39
Vitamin D3,Supplement,2026-02-20,42
Vitamin D3,Supplement,2026-02-21,48
Vitamin D3,Supplement,2026-02-22,40
Vitamin D3,Supplement,2026-02-23,47
Vitamin D3,Supplement,2026-02-24,30
Vitamin D3,Supplement,2026-02-25,42
Vitamin D3,Supplement,2026-02-26,45
Vitamin D3,Supplement,2026-02-27,46
Vitamin D3,Supplement,2026-02-28,34
Vitamin D3,Supplement,2026-03-01,58
Vitamin D3,Supplement,2026-03-02,44
Vitamin D3,Supplement,2026-03-03,55
Vitamin D3,Supplement,2026-03-04,54
Vitamin D3,Supplement,2026-03-05,63
Vitamin D3,Supplement,2026-03-06,74
Vitamin D3,Supplement,2026-03-07,48
Vitamin D3,Supplement,2026-03-08,54
Vitamin D3,Supplement,2026-03-09,61
Vitamin D3,Supplement,2026-03-10,51
Vitamin D3,Supplement,2026-03-11,65
Vitamin D3,Supplement,2026-03-12,65
Vitamin D3,Supplement,2026-03-13,61
Vitamin D3,Supplement,2026-03-14,57
Vitamin D3,Supplement,2026-03-15,65
Vitamin D3,Supplement,2026-03-16,43
Vitamin D3,Supplement,2026-03-17,51
Vitamin D3,Supplement,2026-03-18,43
Vitamin D3,Supplement,2026-03-19,54
Vitamin D3,Supplement,2026-03-20,31
Vitamin D3,Supplement,2026-03-21,44
Vitamin D3,Supplement,2026-03-22,45
Vitamin D3,Supplement,2026-03-23,35
Vitamin D3,Supplement,2026-03-24,37
Vitamin D3,Supplement,2026-03-25,42
Vitamin D3,Supplement,2026-03-26,49
Vitamin D3,Supplement,2026-03-27,35
Vitamin D3,Supplement,2026-03-28,37
Vitamin D3,Supplement,2026-03-29,54
Vitamin D3,Supplement,2026-03-30,45
Vitamin D3,Supplement,2026-03-31,43
Vitamin D3,Supplement,2026-04-01,56
Vitamin D3,Supplement,2026-04-02,49
Vitamin D3,Supplement,2026-04-03,62
Vitamin D3,Supplement,2026-04-04,51
Vitamin D3,Supplement,2026-04-05,56
Vitamin D3,Supplement,2026-04-06,65
Vitamin D3,Supplement,2026-04-07,57
Vitamin D3,Supplement,2026-04-08,65
Vitamin D3,Supplement,2026-04-09,59
Vitamin D3,Supplement,2026-04-10,74
Vitamin D3,Supplement,2026-04-11,70
Vitamin D3,Supplement,2026-04-12,47
Vitamin D3,Supplement,2026-04-13,60
Vitamin D3,Supplement,2026-04-14,48
Vitamin D3,Supplement,2026-04-15,54
Vitamin D3,Supplement,2026-04-16,51
Vitamin D3,Supplement,2026-04-17,41
Vitamin D3,Supplement,2026-04-18,55
Vitamin D3,Supplement,2026-04-19,47
Vitamin D3,Supplement,2026-04-20,42
Vitamin D3,Supplement,2026-04-21,40
Vitamin D3,Supplement,2026-04-22,43
Vitamin D3,Supplement,2026-04-23,45
Vitamin D3,Supplement,2026-04-24,41
Vitamin D3,Supplement,2026-04-25,20
Vitamin D3,Supplement,2026-04-26,43
Vitamin D3,Supplement,2026-04-27,33
Vitamin D3,Supplement,2026-04-28,44
Vitamin D3,Supplement,2026-04-29,36
Vitamin D3,Supplement,2026-04-30,38
Vitamin D3,Supplement,2026-05-01,60
Vitamin D3,Supplement,2026-05-02,50
Vitamin D3,Supplement,2026-05-03,51
Vitamin D3,Supplement,2026-05-04,59
Vitamin D3,Supplement,2026-05-05,54
Vitamin D3,Supplement,2026-05-06,74
Vitamin D3,Supplement,2026-05-07,57
Vitamin D3,Supplement,2026-05-08,62
Vitamin D3,Supplement,2026-05-09,67
Vitamin D3,Supplement,2026-05-10,71
Vitamin D3,Supplement,2026-05-11,52
Vitamin D3,Supplement,2026-05-12,54
Vitamin D3,Supplement,2026-05-13,65
Vitamin D3,Supplement,2026-05-14,60
Vitamin D3,Supplement,2026-05-15,61
Vitamin D3,Supplement,2026-05-16,40
Vitamin D3,Supplement,2026-05-17,61
Vitamin D3,Supplement,2026-05-18,41
Vitamin D3,Supplement,2026-05-19,47
Vitamin D3,Supplement,2026-05-20,43
Vitamin D3,Supplement,2026-05-21,36
Vitamin D3,Supplement,2026-05-22,31
Vitamin D3,Supplement,2026-05-23,28
Vitamin D3,Supplement,2026-05-24,43
Vitamin D3,Supplement,2026-05-25,30
Vitamin D3,Supplement,2026-05-26,34
Vitamin D3,Supplement,2026-05-27,42
Vitamin D3,Supplement,2026-05-28,25
Vitamin D3,Supplement,2026-05-29,53
Vitamin D3,Supplement,2026-05-30,30
Vitamin D3,Supplement,2026-05-31,50
Vitamin D3,Supplement,2026-06-01,52
Vitamin D3,Supplement,2026-06-02,58
Vitamin D3,Supplement,2026-06-03,55
Vitamin D3,Supplement,2026-06-04,72
Vitamin D3,Supplement,2026-06-05,60
Vitamin D3,Supplement,2026-06-06,67
Vitamin D3,Supplement,2026-06-07,54
Vitamin D3,Supplement,2026-06-08,60
Vitamin D3,Supplement,2026-06-09,71
Vitamin D3,Supplement,2026-06-10,56
Vitamin D3,Supplement,2026-06-11,58
Vitamin D3,Supplement,2026-06-12,63
Vitamin D3,Supplement,2026-06-13,48
Vitamin D3,Supplement,2026-06-14,36
Vitamin D3,Supplement,2026-06-15,52
Vitamin D3,Supplement,2026-06-16,56
Vitamin D3,Supplement,2026-06-17,37
Vitamin D3,Supplement,2026-06-18,50
Vitamin D3,Supplement,2026-06-19,49
Vitamin D3,Supplement,2026-06-20,26
Vitamin D3,Supplement,2026-06-21,35
Vitamin D3,Supplement,2026-06-22,39
Vitamin D3,Supplement,2026-06-23,40
Vitamin D3,Supplement,2026-06-24,36
Vitamin D3,Supplement,2026-06-25,37
Vitamin D3,Supplement,2026-06-26,57
Vitamin D3,Supplement,2026-06-27,45
Vitamin D3,Supplement,2026-06-28,42
Vitamin D3,Supplement,2026-06-29,48
Cough Syrup,Cold & Cough,2026-01-01,30
Cough Syrup,Cold & Cough,2026-01-02,24
Cough Syrup,Cold & Cough,2026-01-03,39
Cough Syrup,Cold & Cough,2026-01-04,41
Cough Syrup,Cold & Cough,2026-01-05,43
Cough Syrup,Cold & Cough,2026-01-06,39
Cough Syrup,Cold & Cough,2026-01-07,41
Cough Syrup,Cold & Cough,2026-01-08,34
Cough Syrup,Cold & Cough,2026-01-09,42
Cough Syrup,Cold & Cough,2026-01-10,39
Cough Syrup,Cold & Cough,2026-01-11,35
Cough Syrup,Cold & Cough,2026-01-12,40
Cough Syrup,Cold & Cough,2026-01-13,39
Cough Syrup,Cold & Cough,2026-01-14,33
Cough Syrup,Cold & Cough,2026-01-15,33
Cough Syrup,Cold & Cough,2026-01-16,25
Cough Syrup,Cold & Cough,2026-01-17,33
Cough Syrup,Cold & Cough,2026-01-18,22
Cough Syrup,Cold & Cough,2026-01-19,21
Cough Syrup,Cold & Cough,2026-01-20,23
Cough Syrup,Cold & Cough,2026-01-21,27
Cough Syrup,Cold & Cough,2026-01-22,26
Cough Syrup,Cold & Cough,2026-01-23,21
Cough Syrup,Cold & Cough,2026-01-24,24
Cough Syrup,Cold & Cough,2026-01-25,13
Cough Syrup,Cold & Cough,2026-01-26,19
Cough Syrup,Cold & Cough,2026-01-27,20
Cough Syrup,Cold & Cough,2026-01-28,30
Cough Syrup,Cold & Cough,2026-01-29,29
Cough Syrup,Cold & Cough,2026-01-30,28
Cough Syrup,Cold & Cough,2026-01-31,31
Cough Syrup,Cold & Cough,2026-02-01,38
Cough Syrup,Cold & Cough,2026-02-02,32
Cough Syrup,Cold & Cough,2026-02-03,29
Cough Syrup,Cold & Cough,2026-02-04,41
Cough Syrup,Cold & Cough,2026-02-05,38
Cough Syrup,Cold & Cough,2026-02-06,42
Cough Syrup,Cold & Cough,2026-02-07,38
Cough Syrup,Cold & Cough,2026-02-08,35
Cough Syrup,Cold & Cough,2026-02-09,40
Cough Syrup,Cold & Cough,2026-02-10,37
Cough Syrup,Cold & Cough,2026-02-11,37
Cough Syrup,Cold & Cough,2026-02-12,42
Cough Syrup,Cold & Cough,2026-02-13,28
Cough Syrup,Cold & Cough,2026-02-14,33
Cough Syrup,Cold & Cough,2026-02-15,26
Cough Syrup,Cold & Cough,2026-02-16,16
Cough Syrup,Cold & Cough,2026-02-17,26
Cough Syrup,Cold & Cough,2026-02-18,24
Cough Syrup,Cold & Cough,2026-02-19,26
Cough Syrup,Cold & Cough,2026-02-20,21
Cough Syrup,Cold & Cough,2026-02-21,14
Cough Syrup,Cold & Cough,2026-02-22,17
Cough Syrup,Cold & Cough,2026-02-23,27
Cough Syrup,Cold & Cough,2026-02-24,17
Cough Syrup,Cold & Cough,2026-02-25,29
Cough Syrup,Cold & Cough,2026-02-26,28
Cough Syrup,Cold & Cough,2026-02-27,23
Cough Syrup,Cold & Cough,2026-02-28,23
Cough Syrup,Cold & Cough,2026-03-01,32
Cough Syrup,Cold & Cough,2026-03-02,28
Cough Syrup,Cold & Cough,2026-03-03,24
Cough Syrup,Cold & Cough,2026-03-04,36
Cough Syrup,Cold & Cough,2026-03-05,37
Cough Syrup,Cold & Cough,2026-03-06,41
Cough Syrup,Cold & Cough,2026-03-07,39
Cough Syrup,Cold & Cough,2026-03-08,36
Cough Syrup,Cold & Cough,2026-03-09,44
Cough Syrup,Cold & Cough,2026-03-10,45
Cough Syrup,Cold & Cough,2026-03-11,39
Cough Syrup,Cold & Cough,2026-03-12,37
Cough Syrup,Cold & Cough,2026-03-13,30
Cough Syrup,Cold & Cough,2026-03-14,32
Cough Syrup,Cold & Cough,2026-03-15,37
Cough Syrup,Cold & Cough,2026-03-16,29
Cough Syrup,Cold & Cough,2026-03-17,23
Cough Syrup,Cold & Cough,2026-03-18,43
Cough Syrup,Cold & Cough,2026-03-19,19
Cough Syrup,Cold & Cough,2026-03-20,34
Cough Syrup,Cold & Cough,2026-03-21,21
Cough Syrup,Cold & Cough,2026-03-22,21
Cough Syrup,Cold & Cough,2026-03-23,18
Cough Syrup,Cold & Cough,2026-03-24,24
Cough Syrup,Cold & Cough,2026-03-25,14
Cough Syrup,Cold & Cough,2026-03-26,13
Cough Syrup,Cold & Cough,2026-03-27,29
Cough Syrup,Cold & Cough,2026-03-28,19
Cough Syrup,Cold & Cough,2026-03-29,28
Cough Syrup,Cold & Cough,2026-03-30,21
Cough Syrup,Cold & Cough,2026-03-31,31
Cough Syrup,Cold & Cough,2026-04-01,37
Cough Syrup,Cold & Cough,2026-04-02,29
Cough Syrup,Cold & Cough,2026-04-03,24
Cough Syrup,Cold & Cough,2026-04-04,42
Cough Syrup,Cold & Cough,2026-04-05,40
Cough Syrup,Cold & Cough,2026-04-06,35
Cough Syrup,Cold & Cough,2026-04-07,37
Cough Syrup,Cold & Cough,2026-04-08,33
Cough Syrup,Cold & Cough,2026-04-09,45
Cough Syrup,Cold & Cough,2026-04-10,36
Cough Syrup,Cold & Cough,2026-04-11,31
Cough Syrup,Cold & Cough,2026-04-12,37
Cough Syrup,Cold & Cough,2026-04-13,31
Cough Syrup,Cold & Cough,2026-04-14,28
Cough Syrup,Cold & Cough,2026-04-15,29
Cough Syrup,Cold & Cough,2026-04-16,30
Cough Syrup,Cold & Cough,2026-04-17,21
Cough Syrup,Cold & Cough,2026-04-18,32
Cough Syrup,Cold & Cough,2026-04-19,27
Cough Syrup,Cold & Cough,2026-04-20,21
Cough Syrup,Cold & Cough,2026-04-21,18
Cough Syrup,Cold & Cough,2026-04-22,21
Cough Syrup,Cold & Cough,2026-04-23,25
Cough Syrup,Cold & Cough,2026-04-24,24
Cough Syrup,Cold & Cough,2026-04-25,26
Cough Syrup,Cold & Cough,2026-04-26,20
Cough Syrup,Cold & Cough,2026-04-27,10
Cough Syrup,Cold & Cough,2026-04-28,30
Cough Syrup,Cold & Cough,2026-04-29,25
Cough Syrup,Cold & Cough,2026-04-30,31
Cough Syrup,Cold & Cough,2026-05-01,37
Cough Syrup,Cold & Cough,2026-05-02,42
Cough Syrup,Cold & Cough,2026-05-03,30
Cough Syrup,Cold & Cough,2026-05-04,35
Cough Syrup,Cold & Cough,2026-05-05,42
Cough Syrup,Cold & Cough,2026-05-06,33
Cough Syrup,Cold & Cough,2026-05-07,35
Cough Syrup,Cold & Cough,2026-05-08,36
Cough Syrup,Cold & Cough,2026-05-09,38
Cough Syrup,Cold & Cough,2026-05-10,37
Cough Syrup,Cold & Cough,2026-05-11,35
Cough Syrup,Cold & Cough,2026-05-12,32
Cough Syrup,Cold & Cough,2026-05-13,38
Cough Syrup,Cold & Cough,2026-05-14,39
Cough Syrup,Cold & Cough,2026-05-15,38
Cough Syrup,Cold & Cough,2026-05-16,27
Cough Syrup,Cold & Cough,2026-05-17,31
Cough Syrup,Cold & Cough,2026-05-18,27
Cough Syrup,Cold & Cough,2026-05-19,22
Cough Syrup,Cold & Cough,2026-05-20,26
Cough Syrup,Cold & Cough,2026-05-21,19
Cough Syrup,Cold & Cough,2026-05-22,19
Cough Syrup,Cold & Cough,2026-05-23,14
Cough Syrup,Cold & Cough,2026-05-24,19
Cough Syrup,Cold & Cough,2026-05-25,22
Cough Syrup,Cold & Cough,2026-05-26,29
Cough Syrup,Cold & Cough,2026-05-27,21
Cough Syrup,Cold & Cough,2026-05-28,20
Cough Syrup,Cold & Cough,2026-05-29,33
Cough Syrup,Cold & Cough,2026-05-30,25
Cough Syrup,Cold & Cough,2026-05-31,22
Cough Syrup,Cold & Cough,2026-06-01,32
Cough Syrup,Cold & Cough,2026-06-02,32
Cough Syrup,Cold & Cough,2026-06-03,45
Cough Syrup,Cold & Cough,2026-06-04,38
Cough Syrup,Cold & Cough,2026-06-05,37
Cough Syrup,Cold & Cough,2026-06-06,34
Cough Syrup,Cold & Cough,2026-06-07,40
Cough Syrup,Cold & Cough,2026-06-08,45
Cough Syrup,Cold & Cough,2026-06-09,39
Cough Syrup,Cold & Cough,2026-06-10,33
Cough Syrup,Cold & Cough,2026-06-11,39
Cough Syrup,Cold & Cough,2026-06-12,35
Cough Syrup,Cold & Cough,2026-06-13,35
Cough Syrup,Cold & Cough,2026-06-14,30
Cough Syrup,Cold & Cough,2026-06-15,28
Cough Syrup,Cold & Cough,2026-06-16,26
Cough Syrup,Cold & Cough,2026-06-17,30
Cough Syrup,Cold & Cough,2026-06-18,23
Cough Syrup,Cold & Cough,2026-06-19,21
Cough Syrup,Cold & Cough,2026-06-20,18
Cough Syrup,Cold & Cough,2026-06-21,23
Cough Syrup,Cold & Cough,2026-06-22,22
Cough Syrup,Cold & Cough,2026-06-23,19
Cough Syrup,Cold & Cough,2026-06-24,18
Cough Syrup,Cold & Cough,2026-06-25,30
Cough Syrup,Cold & Cough,2026-06-26,14
Cough Syrup,Cold & Cough,2026-06-27,26
Cough Syrup,Cold & Cough,2026-06-28,32
Cough Syrup,Cold & Cough,2026-06-29,12
ORS Sachet,Rehydration,2026-01-01,34
ORS Sachet,Rehydration,2026-01-02,37
ORS Sachet,Rehydration,2026-01-03,31
ORS Sachet,Rehydration,2026-01-04,38
ORS Sachet,Rehydration,2026-01-05,46
ORS Sachet,Rehydration,2026-01-06,45
ORS Sachet,Rehydration,2026-01-07,46
ORS Sachet,Rehydration,2026-01-08,44
ORS Sachet,Rehydration,2026-01-09,43
ORS Sachet,Rehydration,2026-01-10,39
ORS Sachet,Rehydration,2026-01-11,46
ORS Sachet,Rehydration,2026-01-12,44
ORS Sachet,Rehydration,2026-01-13,43
ORS Sachet,Rehydration,2026-01-14,36
ORS Sachet,Rehydration,2026-01-15,26
ORS Sachet,Rehydration,2026-01-16,41
ORS Sachet,Rehydration,2026-01-17,31
ORS Sachet,Rehydration,2026-01-18,28
ORS Sachet,Rehydration,2026-01-19,35
ORS Sachet,Rehydration,2026-01-20,27
ORS Sachet,Rehydration,2026-01-21,34
ORS Sachet,Rehydration,2026-01-22,31
ORS Sachet,Rehydration,2026-01-23,31
ORS Sachet,Rehydration,2026-01-24,20
ORS Sachet,Rehydration,2026-01-25,35
ORS Sachet,Rehydration,2026-01-26,30
ORS Sachet,Rehydration,2026-01-27,28
ORS Sachet,Rehydration,2026-01-28,32
ORS Sachet,Rehydration,2026-01-29,23
ORS Sachet,Rehydration,2026-01-30,36
ORS Sachet,Rehydration,2026-01-31,30
ORS Sachet,Rehydration,2026-02-01,30
ORS Sachet,Rehydration,2026-02-02,31
ORS Sachet,Rehydration,2026-02-03,46
ORS Sachet,Rehydration,2026-02-04,38
ORS Sachet,Rehydration,2026-02-05,51
ORS Sachet,Rehydration,2026-02-06,40
ORS Sachet,Rehydration,2026-02-07,34
ORS Sachet,Rehydration,2026-02-08,37
ORS Sachet,Rehydration,2026-02-09,50
ORS Sachet,Rehydration,2026-02-10,42
ORS Sachet,Rehydration,2026-02-11,38
ORS Sachet,Rehydration,2026-02-12,41
ORS Sachet,Rehydration,2026-02-13,41
ORS Sachet,Rehydration,2026-02-14,43
ORS Sachet,Rehydration,2026-02-15,43
ORS Sachet,Rehydration,2026-02-16,32
ORS Sachet,Rehydration,2026-02-17,25
ORS Sachet,Rehydration,2026-02-18,29
ORS Sachet,Rehydration,2026-02-19,31
ORS Sachet,Rehydration,2026-02-20,23
ORS Sachet,Rehydration,2026-02-21,23
ORS Sachet,Rehydration,2026-02-22,29
ORS Sachet,Rehydration,2026-02-23,27
ORS Sachet,Rehydration,2026-02-24,28
ORS Sachet,Rehydration,2026-02-25,25
ORS Sachet,Rehydration,2026-02-26,28
ORS Sachet,Rehydration,2026-02-27,26
ORS Sachet,Rehydration,2026-02-28,37
ORS Sachet,Rehydration,2026-03-01,39
ORS Sachet,Rehydration,2026-03-02,26
ORS Sachet,Rehydration,2026-03-03,32
ORS Sachet,Rehydration,2026-03-04,31
ORS Sachet,Rehydration,2026-03-05,37
ORS Sachet,Rehydration,2026-03-06,41
ORS Sachet,Rehydration,2026-03-07,35
ORS Sachet,Rehydration,2026-03-08,38
ORS Sachet,Rehydration,2026-03-09,38
ORS Sachet,Rehydration,2026-03-10,45
ORS Sachet,Rehydration,2026-03-11,43
ORS Sachet,Rehydration,2026-03-12,38
ORS Sachet,Rehydration,2026-03-13,42
ORS Sachet,Rehydration,2026-03-14,37
ORS Sachet,Rehydration,2026-03-15,37
ORS Sachet,Rehydration,2026-03-16,46
ORS Sachet,Rehydration,2026-03-17,43
ORS Sachet,Rehydration,2026-03-18,27
ORS Sachet,Rehydration,2026-03-19,37
ORS Sachet,Rehydration,2026-03-20,35
ORS Sachet,Rehydration,2026-03-21,23
ORS Sachet,Rehydration,2026-03-22,33
ORS Sachet,Rehydration,2026-03-23,36
ORS Sachet,Rehydration,2026-03-24,22
ORS Sachet,Rehydration,2026-03-25,23
ORS Sachet,Rehydration,2026-03-26,33
ORS Sachet,Rehydration,2026-03-27,30
ORS Sachet,Rehydration,2026-03-28,33
ORS Sachet,Rehydration,2026-03-29,33
ORS Sachet,Rehydration,2026-03-30,34
ORS Sachet,Rehydration,2026-03-31,27
ORS Sachet,Rehydration,2026-04-01,41
ORS Sachet,Rehydration,2026-04-02,43
ORS Sachet,Rehydration,2026-04-03,37
ORS Sachet,Rehydration,2026-04-04,40
ORS Sachet,Rehydration,2026-04-05,33
ORS Sachet,Rehydration,2026-04-06,45
ORS Sachet,Rehydration,2026-04-07,46
ORS Sachet,Rehydration,2026-04-08,43
ORS Sachet,Rehydration,2026-04-09,49
ORS Sachet,Rehydration,2026-04-10,41
ORS Sachet,Rehydration,2026-04-11,45
ORS Sachet,Rehydration,2026-04-12,36
ORS Sachet,Rehydration,2026-04-13,40
ORS Sachet,Rehydration,2026-04-14,38
ORS Sachet,Rehydration,2026-04-15,38
ORS Sachet,Rehydration,2026-04-16,34
ORS Sachet,Rehydration,2026-04-17,33
ORS Sachet,Rehydration,2026-04-18,37
ORS Sachet,Rehydration,2026-04-19,28
ORS Sachet,Rehydration,2026-04-20,21
ORS Sachet,Rehydration,2026-04-21,38
ORS Sachet,Rehydration,2026-04-22,35
ORS Sachet,Rehydration,2026-04-23,21
ORS Sachet,Rehydration,2026-04-24,31
ORS Sachet,Rehydration,2026-04-25,25
ORS Sachet,Rehydration,2026-04-26,30
ORS Sachet,Rehydration,2026-04-27,31
ORS Sachet,Rehydration,2026-04-28,30
ORS Sachet,Rehydration,2026-04-29,28
ORS Sachet,Rehydration,2026-04-30,30
ORS Sachet,Rehydration,2026-05-01,31
ORS Sachet,Rehydration,2026-05-02,33
ORS Sachet,Rehydration,2026-05-03,38
ORS Sachet,Rehydration,2026-05-04,36
ORS Sachet,Rehydration,2026-05-05,45
ORS Sachet,Rehydration,2026-05-06,50
ORS Sachet,Rehydration,2026-05-07,40
ORS Sachet,Rehydration,2026-05-08,45
ORS Sachet,Rehydration,2026-05-09,46
ORS Sachet,Rehydration,2026-05-10,46
ORS Sachet,Rehydration,2026-05-11,43
ORS Sachet,Rehydration,2026-05-12,45
ORS Sachet,Rehydration,2026-05-13,43
ORS Sachet,Rehydration,2026-05-14,32
ORS Sachet,Rehydration,2026-05-15,42
ORS Sachet,Rehydration,2026-05-16,40
ORS Sachet,Rehydration,2026-05-17,30
ORS Sachet,Rehydration,2026-05-18,32
ORS Sachet,Rehydration,2026-05-19,35
ORS Sachet,Rehydration,2026-05-20,28
ORS Sachet,Rehydration,2026-05-21,34
ORS Sachet,Rehydration,2026-05-22,41
ORS Sachet,Rehydration,2026-05-23,23
ORS Sachet,Rehydration,2026-05-24,20
ORS Sachet,Rehydration,2026-05-25,30
ORS Sachet,Rehydration,2026-05-26,33
ORS Sachet,Rehydration,2026-05-27,28
ORS Sachet,Rehydration,2026-05-28,39
ORS Sachet,Rehydration,2026-05-29,25
ORS Sachet,Rehydration,2026-05-30,38
ORS Sachet,Rehydration,2026-05-31,32
ORS Sachet,Rehydration,2026-06-01,46
ORS Sachet,Rehydration,2026-06-02,49
ORS Sachet,Rehydration,2026-06-03,36
ORS Sachet,Rehydration,2026-06-04,38
ORS Sachet,Rehydration,2026-06-05,47
ORS Sachet,Rehydration,2026-06-06,41
ORS Sachet,Rehydration,2026-06-07,43
ORS Sachet,Rehydration,2026-06-08,44
ORS Sachet,Rehydration,2026-06-09,33
ORS Sachet,Rehydration,2026-06-10,42
ORS Sachet,Rehydration,2026-06-11,38
ORS Sachet,Rehydration,2026-06-12,37
ORS Sachet,Rehydration,2026-06-13,47
ORS Sachet,Rehydration,2026-06-14,30
ORS Sachet,Rehydration,2026-06-15,40
ORS Sachet,Rehydration,2026-06-16,32
ORS Sachet,Rehydration,2026-06-17,31
ORS Sachet,Rehydration,2026-06-18,35
ORS Sachet,Rehydration,2026-06-19,31
ORS Sachet,Rehydration,2026-06-20,32
ORS Sachet,Rehydration,2026-06-21,33
ORS Sachet,Rehydration,2026-06-22,26
ORS Sachet,Rehydration,2026-06-23,24
ORS Sachet,Rehydration,2026-06-24,22
ORS Sachet,Rehydration,2026-06-25,24
ORS Sachet,Rehydration,2026-06-26,46
ORS Sachet,Rehydration,2026-06-27,38
ORS Sachet,Rehydration,2026-06-28,25
ORS Sachet,Rehydration,2026-06-29,27
Amlodipine 5mg,Antihypertensive,2026-01-01,51
Amlodipine 5mg,Antihypertensive,2026-01-02,63
Amlodipine 5mg,Antihypertensive,2026-01-03,66
Amlodipine 5mg,Antihypertensive,2026-01-04,69
Amlodipine 5mg,Antihypertensive,2026-01-05,55
Amlodipine 5mg,Antihypertensive,2026-01-06,80
Amlodipine 5mg,Antihypertensive,2026-01-07,62
Amlodipine 5mg,Antihypertensive,2026-01-08,64
Amlodipine 5mg,Antihypertensive,2026-01-09,75
Amlodipine 5mg,Antihypertensive,2026-01-10,67
Amlodipine 5mg,Antihypertensive,2026-01-11,71
Amlodipine 5mg,Antihypertensive,2026-01-12,48
Amlodipine 5mg,Antihypertensive,2026-01-13,67
Amlodipine 5mg,Antihypertensive,2026-01-14,63
Amlodipine 5mg,Antihypertensive,2026-01-15,54
Amlodipine 5mg,Antihypertensive,2026-01-16,38
Amlodipine 5mg,Antihypertensive,2026-01-17,51
Amlodipine 5mg,Antihypertensive,2026-01-18,49
Amlodipine 5mg,Antihypertensive,2026-01-19,44
Amlodipine 5mg,Antihypertensive,2026-01-20,29
Amlodipine 5mg,Antihypertensive,2026-01-21,56
Amlodipine 5mg,Antihypertensive,2026-01-22,36
Amlodipine 5mg,Antihypertensive,2026-01-23,39
Amlodipine 5mg,Antihypertensive,2026-01-24,21
Amlodipine 5mg,Antihypertensive,2026-01-25,55
Amlodipine 5mg,Antihypertensive,2026-01-26,39
Amlodipine 5mg,Antihypertensive,2026-01-27,45
Amlodipine 5mg,Antihypertensive,2026-01-28,56
Amlodipine 5mg,Antihypertensive,2026-01-29,44
Amlodipine 5mg,Antihypertensive,2026-01-30,61
Amlodipine 5mg,Antihypertensive,2026-01-31,38
Amlodipine 5mg,Antihypertensive,2026-02-01,63
Amlodipine 5mg,Antihypertensive,2026-02-02,75
Amlodipine 5mg,Antihypertensive,2026-02-03,59
Amlodipine 5mg,Antihypertensive,2026-02-04,76
Amlodipine 5mg,Antihypertensive,2026-02-05,84
Amlodipine 5mg,Antihypertensive,2026-02-06,67
Amlodipine 5mg,Antihypertensive,2026-02-07,67
Amlodipine 5mg,Antihypertensive,2026-02-08,63
Amlodipine 5mg,Antihypertensive,2026-02-09,65
Amlodipine 5mg,Antihypertensive,2026-02-10,61
Amlodipine 5mg,Antihypertensive,2026-02-11,59
Amlodipine 5mg,Antihypertensive,2026-02-12,74
Amlodipine 5mg,Antihypertensive,2026-02-13,55
Amlodipine 5mg,Antihypertensive,2026-02-14,61
Amlodipine 5mg,Antihypertensive,2026-02-15,56
Amlodipine 5mg,Antihypertensive,2026-02-16,65
Amlodipine 5mg,Antihypertensive,2026-02-17,45
Amlodipine 5mg,Antihypertensive,2026-02-18,50
Amlodipine 5mg,Antihypertensive,2026-02-19,51
Amlodipine 5mg,Antihypertensive,2026-02-20,55
Amlodipine 5mg,Antihypertensive,2026-02-21,37
Amlodipine 5mg,Antihypertensive,2026-02-22,36
Amlodipine 5mg,Antihypertensive,2026-02-23,32
Amlodipine 5mg,Antihypertensive,2026-02-24,60
Amlodipine 5mg,Antihypertensive,2026-02-25,54
Amlodipine 5mg,Antihypertensive,2026-02-26,44
Amlodipine 5mg,Antihypertensive,2026-02-27,63
Amlodipine 5mg,Antihypertensive,2026-02-28,49
Amlodipine 5mg,Antihypertensive,2026-03-01,59
Amlodipine 5mg,Antihypertensive,2026-03-02,56
Amlodipine 5mg,Antihypertensive,2026-03-03,62
Amlodipine 5mg,Antihypertensive,2026-03-04,64
Amlodipine 5mg,Antihypertensive,2026-03-05,61
Amlodipine 5mg,Antihypertensive,2026-03-06,76
Amlodipine 5mg,Antihypertensive,2026-03-07,74
Amlodipine 5mg,Antihypertensive,2026-03-08,78
Amlodipine 5mg,Antihypertensive,2026-03-09,73
Amlodipine 5mg,Antihypertensive,2026-03-10,62
Amlodipine 5mg,Antihypertensive,2026-03-11,84
Amlodipine 5mg,Antihypertensive,2026-03-12,66
Amlodipine 5mg,Antihypertensive,2026-03-13,69
Amlodipine 5mg,Antihypertensive,2026-03-14,69
Amlodipine 5mg,Antihypertensive,2026-03-15,64
Amlodipine 5mg,Antihypertensive,2026-03-16,66
Amlodipine 5mg,Antihypertensive,2026-03-17,65
Amlodipine 5mg,Antihypertensive,2026-03-18,51
Amlodipine 5mg,Antihypertensive,2026-03-19,63
Amlodipine 5mg,Antihypertensive,2026-03-20,45
Amlodipine 5mg,Antihypertensive,2026-03-21,47
Amlodipine 5mg,Antihypertensive,2026-03-22,40
Amlodipine 5mg,Antihypertensive,2026-03-23,36
Amlodipine 5mg,Antihypertensive,2026-03-24,50
Amlodipine 5mg,Antihypertensive,2026-03-25,67
Amlodipine 5mg,Antihypertensive,2026-03-26,39
Amlodipine 5mg,Antihypertensive,2026-03-27,53
Amlodipine 5mg,Antihypertensive,2026-03-28,42
Amlodipine 5mg,Antihypertensive,2026-03-29,47
Amlodipine 5mg,Antihypertensive,2026-03-30,64
Amlodipine 5mg,Antihypertensive,2026-03-31,43
Amlodipine 5mg,Antihypertensive,2026-04-01,44
Amlodipine 5mg,Antihypertensive,2026-04-02,58
Amlodipine 5mg,Antihypertensive,2026-04-03,67
Amlodipine 5mg,Antihypertensive,2026-04-04,68
Amlodipine 5mg,Antihypertensive,2026-04-05,69
Amlodipine 5mg,Antihypertensive,2026-04-06,68
Amlodipine 5mg,Antihypertensive,2026-04-07,76
Amlodipine 5mg,Antihypertensive,2026-04-08,46
Amlodipine 5mg,Antihypertensive,2026-04-09,64
Amlodipine 5mg,Antihypertensive,2026-04-10,69
Amlodipine 5mg,Antihypertensive,2026-04-11,74
Amlodipine 5mg,Antihypertensive,2026-04-12,79
Amlodipine 5mg,Antihypertensive,2026-04-13,57
Amlodipine 5mg,Antihypertensive,2026-04-14,74
Amlodipine 5mg,Antihypertensive,2026-04-15,55
Amlodipine 5mg,Antihypertensive,2026-04-16,54
Amlodipine 5mg,Antihypertensive,2026-04-17,57
Amlodipine 5mg,Antihypertensive,2026-04-18,48
Amlodipine 5mg,Antihypertensive,2026-04-19,56
Amlodipine 5mg,Antihypertensive,2026-04-20,41
Amlodipine 5mg,Antihypertensive,2026-04-21,40
Amlodipine 5mg,Antihypertensive,2026-04-22,50
Amlodipine 5mg,Antihypertensive,2026-04-23,35
Amlodipine 5mg,Antihypertensive,2026-04-24,43
Amlodipine 5mg,Antihypertensive,2026-04-25,28
Amlodipine 5mg,Antihypertensive,2026-04-26,58
Amlodipine 5mg,Antihypertensive,2026-04-27,55
Amlodipine 5mg,Antihypertensive,2026-04-28,70
Amlodipine 5mg,Antihypertensive,2026-04-29,61
Amlodipine 5mg,Antihypertensive,2026-04-30,43
Amlodipine 5mg,Antihypertensive,2026-05-01,61
Amlodipine 5mg,Antihypertensive,2026-05-02,51
Amlodipine 5mg,Antihypertensive,2026-05-03,75
Amlodipine 5mg,Antihypertensive,2026-05-04,55
Amlodipine 5mg,Antihypertensive,2026-05-05,57
Amlodipine 5mg,Antihypertensive,2026-05-06,55
Amlodipine 5mg,Antihypertensive,2026-05-07,65
Amlodipine 5mg,Antihypertensive,2026-05-08,64
Amlodipine 5mg,Antihypertensive,2026-05-09,59
Amlodipine 5mg,Antihypertensive,2026-05-10,86
Amlodipine 5mg,Antihypertensive,2026-05-11,73
Amlodipine 5mg,Antihypertensive,2026-05-12,70
Amlodipine 5mg,Antihypertensive,2026-05-13,77
Amlodipine 5mg,Antihypertensive,2026-05-14,64
Amlodipine 5mg,Antihypertensive,2026-05-15,52
Amlodipine 5mg,Antihypertensive,2026-05-16,41
Amlodipine 5mg,Antihypertensive,2026-05-17,46
Amlodipine 5mg,Antihypertensive,2026-05-18,62
Amlodipine 5mg,Antihypertensive,2026-05-19,36
Amlodipine 5mg,Antihypertensive,2026-05-20,48
Amlodipine 5mg,Antihypertensive,2026-05-21,51
Amlodipine 5mg,Antihypertensive,2026-05-22,44
Amlodipine 5mg,Antihypertensive,2026-05-23,44
Amlodipine 5mg,Antihypertensive,2026-05-24,46
Amlodipine 5mg,Antihypertensive,2026-05-25,45
Amlodipine 5mg,Antihypertensive,2026-05-26,56
Amlodipine 5mg,Antihypertensive,2026-05-27,36
Amlodipine 5mg,Antihypertensive,2026-05-28,49
Amlodipine 5mg,Antihypertensive,2026-05-29,34
Amlodipine 5mg,Antihypertensive,2026-05-30,35
Amlodipine 5mg,Antihypertensive,2026-05-31,55
Amlodipine 5mg,Antihypertensive,2026-06-01,63
Amlodipine 5mg,Antihypertensive,2026-06-02,75
Amlodipine 5mg,Antihypertensive,2026-06-03,84
Amlodipine 5mg,Antihypertensive,2026-06-04,77
Amlodipine 5mg,Antihypertensive,2026-06-05,74
Amlodipine 5mg,Antihypertensive,2026-06-06,71
Amlodipine 5mg,Antihypertensive,2026-06-07,57
Amlodipine 5mg,Antihypertensive,2026-06-08,69
Amlodipine 5mg,Antihypertensive,2026-06-09,80
Amlodipine 5mg,Antihypertensive,2026-06-10,76
Amlodipine 5mg,Antihypertensive,2026-06-11,56
Amlodipine 5mg,Antihypertensive,2026-06-12,69
Amlodipine 5mg,Antihypertensive,2026-06-13,66
Amlodipine 5mg,Antihypertensive,2026-06-14,61
Amlodipine 5mg,Antihypertensive,2026-06-15,55
Amlodipine 5mg,Antihypertensive,2026-06-16,58
Amlodipine 5mg,Antihypertensive,2026-06-17,55
Amlodipine 5mg,Antihypertensive,2026-06-18,41
Amlodipine 5mg,Antihypertensive,2026-06-19,48
Amlodipine 5mg,Antihypertensive,2026-06-20,41
Amlodipine 5mg,Antihypertensive,2026-06-21,29
Amlodipine 5mg,Antihypertensive,2026-06-22,36
Amlodipine 5mg,Antihypertensive,2026-06-23,28
Amlodipine 5mg,Antihypertensive,2026-06-24,50
Amlodipine 5mg,Antihypertensive,2026-06-25,46
Amlodipine 5mg,Antihypertensive,2026-06-26,42
Amlodipine 5mg,Antihypertensive,2026-06-27,59
Amlodipine 5mg,Antihypertensive,2026-06-28,50
Amlodipine 5mg,Antihypertensive,2026-06-29,40
